Project Name,Package Name,Type Name,Code Smell
.,com.sismics.util,TestUrlUtil,Unutilized Abstraction
.,com.sismics.util,TestArticleSanitizer,Unutilized Abstraction
.,com.sismics.util,TestCertUtil,Unutilized Abstraction
.,com.sismics.util,TestTextSanitizer,Unutilized Abstraction
.,com.sismics.util,TestAdblockUtil,Unutilized Abstraction
.,com.sismics.util,TestDateUtil,Unutilized Abstraction
.,com.sismics.util,TestNetworkUtil,Unutilized Abstraction
.,com.sismics.util,TestResourceUtil,Unutilized Abstraction
.,com.sismics.util,HttpUtil,Unutilized Abstraction
.,com.sismics.util,EnvironmentUtil,Unutilized Abstraction
.,com.sismics.util,MessageUtil,Unutilized Abstraction
.,com.sismics.reader,BaseTransactionalTest,Unutilized Abstraction
.,com.sismics.reader,MainApplication,Unutilized Abstraction
.,com.sismics.reader,Standalone,Unutilized Abstraction
.,com.sismics.reader.core.dao.file.opml,TestOpmlReader,Unutilized Abstraction
.,com.sismics.reader.core.dao.file.json,TestStarredReader,Unutilized Abstraction
.,com.sismics.reader.core.dao.file.rss,TestRssReader,Unutilized Abstraction
.,com.sismics.reader.core.dao.file.rss,TestRssReader,Insufficient Modularization
.,com.sismics.reader.core.dao.file.rss,AtomArticleCommentUrlGuesserStrategy,Unutilized Abstraction
.,com.sismics.reader.core.dao.file.rss,AtomArticleUrlGuesserStrategy,Unutilized Abstraction
.,com.sismics.reader.core.dao.file.rss,AtomLink,Unutilized Abstraction
.,com.sismics.reader.core.dao.file.rss,RssReader,Deficient Encapsulation
.,com.sismics.reader.core.dao.file.rss,XmlReader,Unutilized Abstraction
.,com.sismics.reader.core.dao.file.html,TestRssExtractor,Unutilized Abstraction
.,com.sismics.reader.core.dao.file.html,TestFaviconDownloader,Unutilized Abstraction
.,com.sismics.reader.core.dao.file.html,TestFaviconExtractor,Unutilized Abstraction
.,com.sismics.reader.core.dao.file.html,FeedChooserStrategy,Unutilized Abstraction
.,com.sismics.reader.core.dao.file.html,FaviconDownloader,Deficient Encapsulation
.,com.sismics.reader.core.dao.jpa,TestJpa,Unutilized Abstraction
.,com.sismics.reader.core.dao.jpa,FeedDao,Unutilized Abstraction
.,com.sismics.reader.core.dao.jpa,JobEventDao,Unutilized Abstraction
.,com.sismics.reader.core.dao.jpa,FeedSynchronizationDao,Unutilized Abstraction
.,com.sismics.util.adblock,SubscriptionParser,Unutilized Abstraction
.,com.sismics.util.adblock,Subscription,Deficient Encapsulation
.,com.sismics.util.adblock,Subscription,Broken Modularization
.,com.sismics.util.adblock,Helper,Unutilized Abstraction
.,com.sismics.util.context,ThreadLocalContext,Deficient Encapsulation
.,com.sismics.util.mime,MimeType,Unnecessary Abstraction
.,com.sismics.util.mime,MimeType,Deficient Encapsulation
.,com.sismics.util.mime,MimeType,Broken Modularization
.,com.sismics.util.cert,TrustAllManager,Unutilized Abstraction
.,com.sismics.util.jpa,BaseDao,Unutilized Abstraction
.,com.sismics.util.jpa,DbOpenHelper,Unutilized Abstraction
.,com.sismics.util.jpa,SuppliedConnectionProviderConnectionHelper,Unutilized Abstraction
.,com.sismics.util.jpa,SessionUtil,Unutilized Abstraction
.,com.sismics.util.jpa.filter,FilterColumn,Unutilized Abstraction
.,com.sismics.reader.core.constant,Constants,Deficient Encapsulation
.,com.sismics.reader.core.constant,Constants,Broken Modularization
.,com.sismics.reader.core.util,UserUtil,Unutilized Abstraction
.,com.sismics.reader.core.dao.lucene,ReaderStandardAnalyzer,Unutilized Abstraction
.,com.sismics.reader.core.dao.lucene,ReaderStandardAnalyzer,Deficient Encapsulation
.,com.sismics.reader.core.dao.jpa.criteria,UserCriteria,Unnecessary Abstraction
.,com.sismics.reader.core.dao.jpa.criteria,UserArticleCriteria,Insufficient Modularization
.,com.sismics.reader.core.dao.jpa.mapper,UserMapper,Unutilized Abstraction
.,com.sismics.reader.core.dao.jpa.mapper,FeedMapper,Unutilized Abstraction
.,com.sismics.reader.core.dao.jpa.mapper,ArticleMapper,Unutilized Abstraction
.,com.sismics.reader.core.dao.jpa.mapper,JobMapper,Unutilized Abstraction
.,com.sismics.reader.core.dao.jpa.mapper,FeedSubscriptionMapper,Unutilized Abstraction
.,com.sismics.reader.core.dao.jpa.mapper,UserArticleMapper,Unutilized Abstraction
.,com.sismics.reader.core.dao.jpa.mapper,JobEventMapper,Unutilized Abstraction
.,com.sismics.reader.core.dao.jpa.dto,UserArticleDto,Insufficient Modularization
.,com.sismics.reader.core.dao.jpa.dto,FeedSubscriptionDto,Insufficient Modularization
.,com.sismics.reader.core.dao.jpa.dto,ArticleDto,Insufficient Modularization
.,com.sismics.reader.core.service,IndexingService,Cyclic-Dependent Modularization
.,com.sismics.reader.core.service,FeedService,Cyclic-Dependent Modularization
.,com.sismics.reader.core.model.context,AppContext,Cyclic-Dependent Modularization
.,com.sismics.reader.core.model.jpa,Feed,Insufficient Modularization
.,com.sismics.reader.core.model.jpa,Role,Unutilized Abstraction
.,com.sismics.reader.core.model.jpa,RoleBaseFunction,Unutilized Abstraction
.,com.sismics.reader.core.model.jpa,User,Insufficient Modularization
.,com.sismics.reader.core.model.jpa,Article,Insufficient Modularization
.,com.sismics.reader.core.listener.async,FaviconUpdateRequestedAsyncListener,Unutilized Abstraction
.,com.sismics.reader.core.listener.async,ArticleUpdatedAsyncListener,Unutilized Abstraction
.,com.sismics.reader.core.listener.async,ArticleDeletedAsyncListener,Unutilized Abstraction
.,com.sismics.reader.core.listener.async,SubscriptionImportAsyncListener,Unutilized Abstraction
.,com.sismics.reader.core.listener.async,RebuildIndexAsyncListener,Unutilized Abstraction
.,com.sismics.reader.core.listener.async,ArticleCreatedAsyncListener,Unutilized Abstraction
.,com.sismics.reader.core.listener.sync,DeadEventListener,Unutilized Abstraction
.,com.sismics.reader.rest.filter,CookieAuthenticationFilter,Unutilized Abstraction
.,com.sismics.reader.rest.util,TestValidationUtil,Unutilized Abstraction
.,com.sismics.reader.rest,BaseJerseyTest,Unutilized Abstraction
.,com.sismics.reader.rest,BaseJerseyTest,Wide Hierarchy
.,com.sismics.reader.rest,BaseJerseyTest,Insufficient Modularization
.,com.sismics.reader.rest,TestJobResource,Unutilized Abstraction
.,com.sismics.reader.rest,TestJobResource,Broken Hierarchy
.,com.sismics.reader.rest,TestSearchResource,Imperative Abstraction
.,com.sismics.reader.rest,TestSearchResource,Unutilized Abstraction
.,com.sismics.reader.rest,TestSearchResource,Broken Hierarchy
.,com.sismics.reader.rest,TestAppResource,Unutilized Abstraction
.,com.sismics.reader.rest,TestAppResource,Broken Hierarchy
.,com.sismics.reader.rest,TestLocaleResource,Unutilized Abstraction
.,com.sismics.reader.rest,TestLocaleResource,Broken Hierarchy
.,com.sismics.reader.rest,TestThemeResource,Unutilized Abstraction
.,com.sismics.reader.rest,TestThemeResource,Broken Hierarchy
.,com.sismics.reader.rest,TestSecurity,Unutilized Abstraction
.,com.sismics.reader.rest,TestSecurity,Broken Hierarchy
.,com.sismics.reader.rest,TestSubscriptionResource,Unutilized Abstraction
.,com.sismics.reader.rest,TestSubscriptionResource,Broken Hierarchy
.,com.sismics.reader.rest,TestCategoryResource,Imperative Abstraction
.,com.sismics.reader.rest,TestCategoryResource,Unutilized Abstraction
.,com.sismics.reader.rest,TestCategoryResource,Broken Hierarchy
.,com.sismics.reader.rest,TestAllResource,Unutilized Abstraction
.,com.sismics.reader.rest,TestAllResource,Broken Hierarchy
.,com.sismics.reader.rest,TestUserResource,Unutilized Abstraction
.,com.sismics.reader.rest,TestUserResource,Broken Hierarchy
.,com.sismics.reader.rest,TestStarredResource,Imperative Abstraction
.,com.sismics.reader.rest,TestStarredResource,Unutilized Abstraction
.,com.sismics.reader.rest,TestStarredResource,Broken Hierarchy
.,com.sismics.util.filter,TokenBasedSecurityFilter,Deficient Encapsulation
.,com.sismics.util.filter,SecurityFilter,Deficient Encapsulation
.,com.sismics.util.filter,HeaderBasedSecurityFilter,Deficient Encapsulation
.,com.sismics.security,AnonymousPrincipal,Deficient Encapsulation
.,com.sismics.rest.exception,ClientException,Unutilized Abstraction
.,com.sismics.rest.exception,ForbiddenClientException,Unutilized Abstraction
.,com.sismics.rest.exception,ServerException,Unutilized Abstraction
.,com.sismics.rest.resource,GenericExceptionMapper,Unutilized Abstraction
.,com.sismics.reader.agent.deployer,ReaderDeployer,Cyclic-Dependent Modularization
.,com.sismics.reader.agent,ReaderAgent,Cyclic-Dependent Modularization
.,com.sismics.reader.agent.ui,StatusPanel,Cyclic-Dependent Modularization
.,com.sismics.reader.agent.ui,AgentFrame,Cyclic-Dependent Modularization
.,com.sismics.reader.agent.ui,SettingPanel,Cyclic-Dependent Modularization
.,com.sismics.reader.agent.ui,TrayController,Cyclic-Dependent Modularization
.,com.sismics.reader.agent.model,Setting,Deficient Encapsulation
.,com.sismics.reader.agent.model,Setting,Insufficient Modularization
.,com.sismics.parallaxscroll,ParallaxedView,Deficient Encapsulation
.,com.sismics.parallaxscroll,ParallaxScrollView,Unutilized Abstraction
.,com.sismics.parallaxscroll,ScrollViewParallaxedItem,Unutilized Abstraction
.,com.sismics.parallaxscroll,ScrollViewParallaxedItem,Broken Hierarchy
.,com.sismics.reader.provider,RecentSuggestionsProvider,Deficient Encapsulation
.,com.sismics.reader.constant,Constants,Unnecessary Abstraction
.,com.sismics.reader.constant,Constants,Deficient Encapsulation
.,com.sismics.reader.activity,ArticleActivity,Insufficient Modularization
.,com.sismics.reader.activity,SettingsActivity,Unutilized Abstraction
.,com.sismics.reader.activity,LicenseActivity,Unutilized Abstraction
.,com.sismics.reader.activity,MainActivity,Insufficient Modularization
.,com.sismics.reader.util,PreferenceUtil,Deficient Encapsulation
.,com.sismics.reader.ui.widget,ArticleScrollView,Unutilized Abstraction
.,com.sismics.reader.ui.widget,ArticlesSwipeRefreshLayout,Unutilized Abstraction
.,com.sismics.reader.ui.form.validator,Required,Unutilized Abstraction
.,com.sismics.reader.ui.form.validator,Length,Unutilized Abstraction
.,com.sismics.reader.ui.form.validator,Alphanumeric,Unutilized Abstraction
.,com.sismics.reader.ui.form.validator,Email,Unutilized Abstraction
.,com.sismics.reader.ui.adapter,ViewHolder,Unnecessary Abstraction
.,com.sismics.reader.ui.adapter,CategoryAdapter,Insufficient Modularization
.,com.sismics.reader.ui.adapter,SubscriptionItem,Deficient Encapsulation
.,com.sismics.reader.fragment,NavigationFragment,Unnecessary Abstraction
.,com.sismics.reader.fragment,NavigationFragment,Unutilized Abstraction
.,com.sismics.reader.fragment,SettingsFragment,Unutilized Abstraction
.,com.sismics.reader.fragment,ArticlesDefaultFragment,Unutilized Abstraction
.,com.sismics.reader.fragment,ArticlesDefaultFragment,Broken Hierarchy
.,com.sismics.reader.fragment,ArticlesFragment,Unutilized Abstraction
.,com.sismics.reader.fragment,ArticlesFragment,Broken Hierarchy
.,com.sismics.reader.fragment,ArticlesFragment,Insufficient Modularization
.,com.sismics.reader.resource,CategoryResource,Unutilized Abstraction
.,com.sismics.reader.resource,CategoryResource,Broken Hierarchy
.,com.sismics.reader.resource,SubscriptionResource,Unutilized Abstraction
.,com.sismics.reader.resource,SubscriptionResource,Broken Hierarchy
.,com.sismics.reader.resource,ArticleResource,Unutilized Abstraction
.,com.sismics.reader.resource,ArticleResource,Broken Hierarchy
.,com.sismics.reader.resource,StarredResource,Unutilized Abstraction
.,com.sismics.reader.resource,StarredResource,Broken Hierarchy
.,com.sismics.reader.resource,UserResource,Unutilized Abstraction
.,com.sismics.reader.resource,UserResource,Broken Hierarchy
.,com.sismics.reader.resource,BaseResource,Unutilized Abstraction
.,com.sismics.reader.rest.dao,ThemeDao,Deficient Encapsulation
.,com.sismics.reader.rest.resource,CategoryResource,Unutilized Abstraction
.,com.sismics.reader.rest.resource,CategoryResource,Broken Hierarchy
.,com.sismics.reader.rest.resource,SubscriptionResource,Unutilized Abstraction
.,com.sismics.reader.rest.resource,SubscriptionResource,Broken Hierarchy
.,com.sismics.reader.rest.resource,TextPlainMessageBodyWriter,Unutilized Abstraction
.,com.sismics.reader.rest.resource,AppResource,Unutilized Abstraction
.,com.sismics.reader.rest.resource,AppResource,Broken Hierarchy
.,com.sismics.reader.rest.resource,ArticleResource,Unutilized Abstraction
.,com.sismics.reader.rest.resource,ArticleResource,Broken Hierarchy
.,com.sismics.reader.rest.resource,AllResource,Unutilized Abstraction
.,com.sismics.reader.rest.resource,AllResource,Broken Hierarchy
.,com.sismics.reader.rest.resource,StarredResource,Unutilized Abstraction
.,com.sismics.reader.rest.resource,StarredResource,Broken Hierarchy
.,com.sismics.reader.rest.resource,UserResource,Unutilized Abstraction
.,com.sismics.reader.rest.resource,UserResource,Broken Hierarchy
.,com.sismics.reader.rest.resource,SearchResource,Unutilized Abstraction
.,com.sismics.reader.rest.resource,SearchResource,Broken Hierarchy
.,com.sismics.reader.rest.resource,BaseResource,Unutilized Abstraction
.,com.sismics.reader.rest.resource,BaseResource,Wide Hierarchy
.,com.sismics.reader.rest.resource,LocaleResource,Unutilized Abstraction
.,com.sismics.reader.rest.resource,LocaleResource,Broken Hierarchy
.,com.sismics.reader.rest.resource,ThemeResource,Unutilized Abstraction
.,com.sismics.reader.rest.resource,ThemeResource,Broken Hierarchy
.,com.sismics.reader.rest.resource,JobResource,Unutilized Abstraction
.,com.sismics.reader.rest.resource,JobResource,Broken Hierarchy
