Project Name,Package Name,Type Name,Method Name,Code Smell
.,com.sismics.util,TestUrlUtil,completeUrlTest,Long Statement
.,com.sismics.util,TestUrlUtil,completeUrlTest,Long Statement
.,com.sismics.util,TestArticleSanitizer,articleSanitizerImageAkeweaTest,Magic Number
.,com.sismics.util,TestArticleSanitizer,articleSanitizerImageDilbertTest,Magic Number
.,com.sismics.util,TestArticleSanitizer,articleSanitizerImageXmlBaseTest,Magic Number
.,com.sismics.util,TestArticleSanitizer,articleSanitizerLinkTest,Magic Number
.,com.sismics.util,TestArticleSanitizer,articleSanitizerIframeVimeoTest,Long Statement
.,com.sismics.util,TestArticleSanitizer,articleSanitizerIframeVimeoTest,Magic Number
.,com.sismics.util,TestArticleSanitizer,articleSanitizerIframeDailymotionTest,Long Statement
.,com.sismics.util,TestArticleSanitizer,articleSanitizerIframeDailymotionTest,Magic Number
.,com.sismics.util,TestArticleSanitizer,articleSanitizerIframeDailymotionTest,Magic Number
.,com.sismics.util,TestArticleSanitizer,articleSanitizerIframeYoutubeTest,Long Statement
.,com.sismics.util,TestArticleSanitizer,articleSanitizerIframeYoutubeTest,Long Statement
.,com.sismics.util,TestArticleSanitizer,articleSanitizerIframeYoutubeTest,Long Statement
.,com.sismics.util,TestArticleSanitizer,articleSanitizerIframeYoutubeTest,Magic Number
.,com.sismics.util,TestArticleSanitizer,articleSanitizerIframeYoutubeTest,Magic Number
.,com.sismics.util,TestArticleSanitizer,articleSanitizerIframeYoutubeTest,Magic Number
.,com.sismics.util,TestArticleSanitizer,articleSanitizerIframeGoogleMapsTest,Long Statement
.,com.sismics.util,TestArticleSanitizer,articleSanitizerIframeGoogleMapsTest,Magic Number
.,com.sismics.util,TestArticleSanitizer,articleSanitizerIframeSoundCloudTest,Long Statement
.,com.sismics.util,TestArticleSanitizer,articleSanitizerIframeSoundCloudTest,Magic Number
.,com.sismics.util,TestArticleSanitizer,articleSanitizerIframeSlashdotTest,Long Statement
.,com.sismics.util,TestArticleSanitizer,articleSanitizerIframeSlashdotTest,Magic Number
.,com.sismics.util,TestArticleSanitizer,articleSanitizerIframeWhydTest,Long Statement
.,com.sismics.util,TestArticleSanitizer,articleSanitizerIframeWhydTest,Magic Number
.,com.sismics.util,TestArticleSanitizer,articleSanitizerIframeWhydTest,Magic Number
.,com.sismics.util,TestArticleSanitizer,articleSanitizerIframeBandcampTest,Long Statement
.,com.sismics.util,TestArticleSanitizer,articleSanitizerIframeBandcampTest,Magic Number
.,com.sismics.util,TestArticleSanitizer,articleSanitizerIframeBandcampTest,Magic Number
.,com.sismics.util,TestArticleSanitizer,articleSanitizerIframeVineTest,Long Statement
.,com.sismics.util,TestArticleSanitizer,articleSanitizerIframeVineTest,Magic Number
.,com.sismics.util,TestArticleSanitizer,articleSanitizer71Test,Magic Number
.,com.sismics.util,TestArticleSanitizer,articleSanitizer99Test,Long Statement
.,com.sismics.util,TestArticleSanitizer,articleSanitizer99Test,Long Statement
.,com.sismics.util,TestArticleSanitizer,articleSanitizer99Test,Long Statement
.,com.sismics.util,TestArticleSanitizer,articleSanitizer99Test,Long Statement
.,com.sismics.util,TestArticleSanitizer,articleSanitizer99Test,Long Statement
.,com.sismics.util,TestArticleSanitizer,articleSanitizer99Test,Long Statement
.,com.sismics.util,TestArticleSanitizer,articleSanitizer99Test,Long Statement
.,com.sismics.util,TestArticleSanitizer,articleSanitizer99Test,Long Statement
.,com.sismics.util,TestArticleSanitizer,articleSanitizer99Test,Long Statement
.,com.sismics.util,TestArticleSanitizer,articleSanitizer99Test,Long Statement
.,com.sismics.util,TestArticleSanitizer,articleSanitizer99Test,Long Statement
.,com.sismics.util,TestCertUtil,sslFailTest,Empty catch clause
.,com.sismics.util,TestCertUtil,sslFailTest,Magic Number
.,com.sismics.util,TestTextSanitizer,textSanitizerTest,Long Statement
.,com.sismics.util,TestNetworkUtil,testUpnp,Magic Number
.,com.sismics.util,TestResourceUtil,loadResourceFileTest,Long Statement
.,com.sismics.util,UrlUtil,getBaseUri,Empty catch clause
.,com.sismics.util,LocaleUtil,getLocale,Magic Number
.,com.sismics.util,LocaleUtil,getLocale,Magic Number
.,com.sismics.util,LocaleUtil,getLocale,Magic Number
.,com.sismics.util,ResourceUtil,list,Complex Method
.,com.sismics.util,ResourceUtil,list,Magic Number
.,com.sismics.util,ResourceUtil,loadPropertiesFromUrl,Empty catch clause
.,com.sismics.util,HttpUtil,readUrlIntoString,Empty catch clause
.,com.sismics.util,HttpUtil,postUrl,Empty catch clause
.,com.sismics.util,HttpUtil,postUrl,Empty catch clause
.,com.sismics.util,AdblockUtil,matches,Long Parameter List
.,com.sismics.util,AdblockUtil,matches,Long Statement
.,com.sismics.util,DateUtil,parseDate,Empty catch clause
.,com.sismics.util,DateUtil,parseDate,Empty catch clause
.,com.sismics.reader.core.dao.file.opml,TestOpmlReader,googleOpmlReaderTest,Long Statement
.,com.sismics.reader.core.dao.file.opml,TestOpmlReader,googleOpmlReaderTest,Magic Number
.,com.sismics.reader.core.dao.file.opml,TestOpmlReader,googleOpmlReaderTest,Magic Number
.,com.sismics.reader.core.dao.file.opml,TestOpmlReader,googleOpmlReaderTest,Magic Number
.,com.sismics.reader.core.dao.file.opml,TestOpmlReader,googleOpmlReaderTest,Magic Number
.,com.sismics.reader.core.dao.file.opml,TestOpmlReader,lifereaOpmlReaderTest,Magic Number
.,com.sismics.reader.core.dao.file.opml,TestOpmlReader,lifereaOpmlReaderTest,Magic Number
.,com.sismics.reader.core.dao.file.opml,TestOpmlReader,ttrssOpmlReaderTest,Magic Number
.,com.sismics.reader.core.dao.file.opml,TestOpmlReader,ttrssOpmlReaderTest,Magic Number
.,com.sismics.reader.core.dao.file.opml,TestOpmlReader,ttrssOpmlReaderTest,Magic Number
.,com.sismics.reader.core.dao.file.opml,OpmlReader,startElement,Complex Conditional
.,com.sismics.reader.core.dao.file.opml,OpmlReader,startElement,Complex Conditional
.,com.sismics.reader.core.dao.file.opml,OpmlReader,startElement,Long Statement
.,com.sismics.reader.core.dao.file.json,TestStarredReader,starredReaderTest,Magic Number
.,com.sismics.reader.core.dao.file.json,TestStarredReader,starredReaderTest,Magic Number
.,com.sismics.reader.core.dao.file.json,TestStarredReader,starredReaderTest,Magic Number
.,com.sismics.reader.core.dao.file.json,StarredReader,read,Complex Method
.,com.sismics.reader.core.dao.file.json,StarredReader,read,Long Identifier
.,com.sismics.reader.core.dao.file.json,StarredReader,read,Magic Number
.,com.sismics.reader.core.dao.file.json,StarredReader,setStarredArticleListener,Long Identifier
.,com.sismics.reader.core.dao.file.rss,TestRssReader,rssReaderGizmodoTest,Magic Number
.,com.sismics.reader.core.dao.file.rss,TestRssReader,rssReaderApodTest,Magic Number
.,com.sismics.reader.core.dao.file.rss,TestRssReader,rssReaderKorbenTest,Magic Number
.,com.sismics.reader.core.dao.file.rss,TestRssReader,rssReaderKorbenTest,Magic Number
.,com.sismics.reader.core.dao.file.rss,TestRssReader,rssReaderKorbenTest,Magic Number
.,com.sismics.reader.core.dao.file.rss,TestRssReader,rssReaderKorbenTest,Magic Number
.,com.sismics.reader.core.dao.file.rss,TestRssReader,atomReaderPloumTest,Magic Number
.,com.sismics.reader.core.dao.file.rss,TestRssReader,atomReaderPloumTest,Magic Number
.,com.sismics.reader.core.dao.file.rss,TestRssReader,rssReaderRottenTomatoesTest,Magic Number
.,com.sismics.reader.core.dao.file.rss,TestRssReader,rssReaderXkcdTest,Magic Number
.,com.sismics.reader.core.dao.file.rss,TestRssReader,atomReaderXkcdTest,Magic Number
.,com.sismics.reader.core.dao.file.rss,TestRssReader,atomReaderWhatifTest,Magic Number
.,com.sismics.reader.core.dao.file.rss,TestRssReader,rssReaderSpaceTest,Magic Number
.,com.sismics.reader.core.dao.file.rss,TestRssReader,rssReaderEsaTest,Magic Number
.,com.sismics.reader.core.dao.file.rss,TestRssReader,rssReaderEsaTest,Magic Number
.,com.sismics.reader.core.dao.file.rss,TestRssReader,rssReaderLemessagerTest,Long Statement
.,com.sismics.reader.core.dao.file.rss,TestRssReader,rssReaderLemessagerTest,Magic Number
.,com.sismics.reader.core.dao.file.rss,TestRssReader,rssReaderLemessagerTest,Magic Number
.,com.sismics.reader.core.dao.file.rss,TestRssReader,atomReaderMakikoTest,Long Statement
.,com.sismics.reader.core.dao.file.rss,TestRssReader,atomReaderMakikoTest,Magic Number
.,com.sismics.reader.core.dao.file.rss,TestRssReader,atomReaderMarijnhaverbekeTest,Magic Number
.,com.sismics.reader.core.dao.file.rss,TestRssReader,rssReaderPloumTest,Magic Number
.,com.sismics.reader.core.dao.file.rss,TestRssReader,rssReaderPloumTest,Magic Number
.,com.sismics.reader.core.dao.file.rss,TestRssReader,rssReaderDeveloperWorksTest,Magic Number
.,com.sismics.reader.core.dao.file.rss,TestRssReader,rssReaderSpaceDailyTest,Magic Number
.,com.sismics.reader.core.dao.file.rss,TestRssReader,rssReaderDeveloppezTest,Long Statement
.,com.sismics.reader.core.dao.file.rss,TestRssReader,rssReaderDeveloppezTest,Long Statement
.,com.sismics.reader.core.dao.file.rss,TestRssReader,rssReaderDeveloppezTest,Long Statement
.,com.sismics.reader.core.dao.file.rss,TestRssReader,rssReaderDeveloppezTest,Long Statement
.,com.sismics.reader.core.dao.file.rss,TestRssReader,rssReaderDeveloppezTest,Magic Number
.,com.sismics.reader.core.dao.file.rss,TestRssReader,rssReaderHaverbekeTest,Magic Number
.,com.sismics.reader.core.dao.file.rss,TestRssReader,rssReaderSlackwareTest,Magic Number
.,com.sismics.reader.core.dao.file.rss,TestRssReader,rssReaderSlackwareTest,Magic Number
.,com.sismics.reader.core.dao.file.rss,TestRssReader,rssReaderMalikiTest,Magic Number
.,com.sismics.reader.core.dao.file.rss,TestRssReader,rssReaderNovaTest,Magic Number
.,com.sismics.reader.core.dao.file.rss,TestRssReader,rdfReaderAutostripTest,Magic Number
.,com.sismics.reader.core.dao.file.rss,TestRssReader,rdfReaderLxerTest,Magic Number
.,com.sismics.reader.core.dao.file.rss,TestRssReader,rdfReaderMeisalamTest,Magic Number
.,com.sismics.reader.core.dao.file.rss,TestRssReader,rdfReaderOatmealTest,Magic Number
.,com.sismics.reader.core.dao.file.rss,TestRssReader,rssReaderIboxTest,Magic Number
.,com.sismics.reader.core.dao.file.rss,TestRssReader,rssReaderBysmeTest,Magic Number
.,com.sismics.reader.core.dao.file.rss,TestRssReader,rssReaderNasaTest,Long Statement
.,com.sismics.reader.core.dao.file.rss,TestRssReader,rssReaderNasaTest,Long Statement
.,com.sismics.reader.core.dao.file.rss,TestRssReader,rssReaderNasaTest,Long Statement
.,com.sismics.reader.core.dao.file.rss,TestRssReader,rssReaderNasaTest,Magic Number
.,com.sismics.reader.core.dao.file.rss,RssReader,readRssFeed,Empty catch clause
.,com.sismics.reader.core.dao.file.rss,RssReader,startElement,Complex Conditional
.,com.sismics.reader.core.dao.file.rss,RssReader,startElement,Complex Conditional
.,com.sismics.reader.core.dao.file.rss,RssReader,startElement,Complex Conditional
.,com.sismics.reader.core.dao.file.rss,RssReader,startElement,Complex Conditional
.,com.sismics.reader.core.dao.file.rss,RssReader,startElement,Complex Conditional
.,com.sismics.reader.core.dao.file.rss,RssReader,startElement,Complex Conditional
.,com.sismics.reader.core.dao.file.rss,RssReader,startElement,Complex Conditional
.,com.sismics.reader.core.dao.file.rss,RssReader,startElement,Complex Conditional
.,com.sismics.reader.core.dao.file.rss,RssReader,startElement,Complex Conditional
.,com.sismics.reader.core.dao.file.rss,RssReader,startElement,Complex Conditional
.,com.sismics.reader.core.dao.file.rss,RssReader,startElement,Complex Conditional
.,com.sismics.reader.core.dao.file.rss,RssReader,startElement,Complex Conditional
.,com.sismics.reader.core.dao.file.rss,RssReader,startElement,Complex Conditional
.,com.sismics.reader.core.dao.file.rss,RssReader,startElement,Complex Conditional
.,com.sismics.reader.core.dao.file.rss,RssReader,startElement,Complex Conditional
.,com.sismics.reader.core.dao.file.rss,RssReader,startElement,Complex Conditional
.,com.sismics.reader.core.dao.file.rss,RssReader,startElement,Complex Conditional
.,com.sismics.reader.core.dao.file.rss,RssReader,startElement,Complex Conditional
.,com.sismics.reader.core.dao.file.rss,RssReader,startElement,Complex Conditional
.,com.sismics.reader.core.dao.file.rss,RssReader,startElement,Complex Conditional
.,com.sismics.reader.core.dao.file.rss,RssReader,startElement,Complex Conditional
.,com.sismics.reader.core.dao.file.rss,RssReader,startElement,Complex Conditional
.,com.sismics.reader.core.dao.file.rss,RssReader,startElement,Complex Conditional
.,com.sismics.reader.core.dao.file.rss,RssReader,startElement,Complex Conditional
.,com.sismics.reader.core.dao.file.rss,RssReader,startElement,Complex Conditional
.,com.sismics.reader.core.dao.file.rss,RssReader,startElement,Complex Conditional
.,com.sismics.reader.core.dao.file.rss,RssReader,startElement,Complex Conditional
.,com.sismics.reader.core.dao.file.rss,RssReader,startElement,Complex Conditional
.,com.sismics.reader.core.dao.file.rss,RssReader,startElement,Complex Conditional
.,com.sismics.reader.core.dao.file.rss,RssReader,startElement,Complex Conditional
.,com.sismics.reader.core.dao.file.rss,RssReader,startElement,Complex Conditional
.,com.sismics.reader.core.dao.file.rss,RssReader,startElement,Complex Method
.,com.sismics.reader.core.dao.file.rss,RssReader,startElement,Empty catch clause
.,com.sismics.reader.core.dao.file.rss,RssReader,startElement,Long Method
.,com.sismics.reader.core.dao.file.rss,RssReader,startElement,Long Statement
.,com.sismics.reader.core.dao.file.rss,RssReader,startElement,Long Statement
.,com.sismics.reader.core.dao.file.rss,RssReader,startElement,Long Statement
.,com.sismics.reader.core.dao.file.rss,RssReader,startElement,Long Statement
.,com.sismics.reader.core.dao.file.rss,RssReader,startElement,Long Statement
.,com.sismics.reader.core.dao.file.rss,RssReader,startElement,Long Statement
.,com.sismics.reader.core.dao.file.rss,RssReader,startElement,Long Statement
.,com.sismics.reader.core.dao.file.rss,RssReader,startElement,Long Statement
.,com.sismics.reader.core.dao.file.rss,RssReader,startElement,Long Statement
.,com.sismics.reader.core.dao.file.rss,RssReader,startElement,Long Statement
.,com.sismics.reader.core.dao.file.rss,RssReader,startElement,Long Statement
.,com.sismics.reader.core.dao.file.rss,RssReader,startElement,Long Statement
.,com.sismics.reader.core.dao.file.rss,RssReader,startElement,Long Statement
.,com.sismics.reader.core.dao.file.rss,RssReader,startElement,Long Statement
.,com.sismics.reader.core.dao.file.rss,RssReader,startElement,Long Statement
.,com.sismics.reader.core.dao.file.rss,RssReader,startElement,Long Statement
.,com.sismics.reader.core.dao.file.rss,RssReader,endElement,Complex Conditional
.,com.sismics.reader.core.dao.file.rss,RssReader,endElement,Complex Conditional
.,com.sismics.reader.core.dao.file.rss,RssReader,endElement,Complex Conditional
.,com.sismics.reader.core.dao.file.rss,RssReader,endElement,Complex Conditional
.,com.sismics.reader.core.dao.file.rss,RssReader,endElement,Complex Conditional
.,com.sismics.reader.core.dao.file.rss,RssReader,endElement,Complex Method
.,com.sismics.reader.core.dao.file.rss,RssReader,endElement,Long Statement
.,com.sismics.reader.core.dao.file.rss,RssReader,endElement,Long Statement
.,com.sismics.reader.core.dao.file.rss,XmlReader,XmlReader,Complex Conditional
.,com.sismics.reader.core.dao.file.rss,XmlReader,XmlReader,Complex Conditional
.,com.sismics.reader.core.dao.file.rss,XmlReader,XmlReader,Complex Conditional
.,com.sismics.reader.core.dao.file.rss,XmlReader,XmlReader,Complex Method
.,com.sismics.reader.core.dao.file.rss,XmlReader,XmlReader,Empty catch clause
.,com.sismics.reader.core.dao.file.rss,XmlReader,XmlReader,Long Statement
.,com.sismics.reader.core.dao.file.rss,XmlReader,XmlReader,Long Statement
.,com.sismics.reader.core.dao.file.rss,XmlReader,XmlReader,Magic Number
.,com.sismics.reader.core.dao.file.rss,XmlReader,XmlReader,Magic Number
.,com.sismics.reader.core.dao.file.rss,XmlReader,XmlReader,Magic Number
.,com.sismics.reader.core.dao.file.rss,XmlReader,XmlReader,Magic Number
.,com.sismics.reader.core.dao.file.rss,XmlReader,XmlReader,Magic Number
.,com.sismics.reader.core.dao.file.rss,XmlReader,XmlReader,Magic Number
.,com.sismics.reader.core.dao.file.rss,XmlReader,XmlReader,Magic Number
.,com.sismics.reader.core.dao.file.rss,XmlReader,XmlReader,Magic Number
.,com.sismics.reader.core.dao.file.rss,XmlReader,XmlReader,Magic Number
.,com.sismics.reader.core.dao.file.rss,XmlReader,XmlReader,Magic Number
.,com.sismics.reader.core.dao.file.rss,XmlReader,XmlReader,Magic Number
.,com.sismics.reader.core.dao.file.rss,XmlReader,XmlReader,Magic Number
.,com.sismics.reader.core.dao.file.rss,XmlReader,XmlReader,Magic Number
.,com.sismics.reader.core.dao.file.rss,XmlReader,XmlReader,Magic Number
.,com.sismics.reader.core.dao.file.rss,XmlReader,XmlReader,Magic Number
.,com.sismics.reader.core.dao.file.rss,XmlReader,XmlReader,Magic Number
.,com.sismics.reader.core.dao.file.rss,XmlReader,XmlReader,Magic Number
.,com.sismics.reader.core.dao.file.rss,XmlReader,XmlReader,Magic Number
.,com.sismics.reader.core.dao.file.rss,XmlReader,XmlReader,Magic Number
.,com.sismics.reader.core.dao.file.rss,XmlReader,XmlReader,Magic Number
.,com.sismics.reader.core.dao.file.rss,XmlReader,XmlReader,Magic Number
.,com.sismics.reader.core.dao.file.html,TestRssExtractor,rssExtractKorbenTest,Magic Number
.,com.sismics.reader.core.dao.file.html,TestRssExtractor,rssExtractKorbenTest,Magic Number
.,com.sismics.reader.core.dao.file.html,TestRssExtractor,rssExtractKorbenTest,Magic Number
.,com.sismics.reader.core.dao.file.html,TestRssExtractor,rssExtractXkcdTest,Magic Number
.,com.sismics.reader.core.dao.file.html,TestRssExtractor,rssExtractPloumTest,Magic Number
.,com.sismics.reader.core.dao.file.html,TestRssExtractor,rssExtractMakiko,Magic Number
.,com.sismics.reader.core.dao.file.html,TestFaviconDownloader,faviconDownloaderDoubleFineTest,Long Statement
.,com.sismics.reader.core.dao.file.html,TestFaviconDownloader,faviconDownloaderDoubleFineTest,Long Statement
.,com.sismics.reader.core.dao.file.html,FaviconDownloader,downloadFaviconFromPage,Long Statement
.,com.sismics.reader.core.dao.file.html,FaviconDownloader,downloadFaviconFromPage,Long Statement
.,com.sismics.reader.core.dao.file.html,FaviconDownloader,downloadFavicon,Empty catch clause
.,com.sismics.reader.core.dao.file.html,FaviconDownloader,downloadFavicon,Magic Number
.,com.sismics.reader.core.dao.file.html,FaviconDownloader,process,Empty catch clause
.,com.sismics.reader.core.dao.jpa,FeedSubscriptionDao,getQueryParam,Long Statement
.,com.sismics.reader.core.dao.jpa,FeedSubscriptionDao,update,Long Statement
.,com.sismics.reader.core.dao.jpa,FeedSubscriptionDao,updateUnreadCount,Long Statement
.,com.sismics.reader.core.dao.jpa,FeedSubscriptionDao,reorder,Long Statement
.,com.sismics.reader.core.dao.jpa,FeedSubscriptionDao,delete,Long Statement
.,com.sismics.reader.core.dao.jpa,FeedSubscriptionDao,getFeedSubscription,Long Statement
.,com.sismics.reader.core.dao.jpa,FeedSubscriptionDao,findByCategory,Long Statement
.,com.sismics.reader.core.dao.jpa,FeedSubscriptionDao,getCategoryCount,Long Statement
.,com.sismics.reader.core.dao.jpa,FeedDao,getQueryParam,Long Statement
.,com.sismics.reader.core.dao.jpa,FeedDao,getByRssUrl,Long Statement
.,com.sismics.reader.core.dao.jpa,FeedDao,update,Long Statement
.,com.sismics.reader.core.dao.jpa,CategoryDao,update,Long Statement
.,com.sismics.reader.core.dao.jpa,CategoryDao,reorder,Long Statement
.,com.sismics.reader.core.dao.jpa,CategoryDao,getRootCategory,Long Statement
.,com.sismics.reader.core.dao.jpa,CategoryDao,getCategory,Long Statement
.,com.sismics.reader.core.dao.jpa,CategoryDao,getCategoryCount,Long Statement
.,com.sismics.reader.core.dao.jpa,CategoryDao,findAllCategory,Long Statement
.,com.sismics.reader.core.dao.jpa,CategoryDao,findSubCategory,Long Statement
.,com.sismics.reader.core.dao.jpa,UserArticleDao,getQueryParam,Complex Method
.,com.sismics.reader.core.dao.jpa,UserArticleDao,getQueryParam,Long Statement
.,com.sismics.reader.core.dao.jpa,UserArticleDao,getQueryParam,Long Statement
.,com.sismics.reader.core.dao.jpa,UserArticleDao,getQueryParam,Long Statement
.,com.sismics.reader.core.dao.jpa,UserArticleDao,getQueryParam,Long Statement
.,com.sismics.reader.core.dao.jpa,UserArticleDao,getQueryParam,Long Statement
.,com.sismics.reader.core.dao.jpa,UserArticleDao,update,Long Statement
.,com.sismics.reader.core.dao.jpa,UserArticleDao,markAsRead,Long Statement
.,com.sismics.reader.core.dao.jpa,UserArticleDao,delete,Long Statement
.,com.sismics.reader.core.dao.jpa,UserArticleDao,getUserArticle,Long Statement
.,com.sismics.reader.core.dao.jpa,UserDao,getQueryParam,Long Statement
.,com.sismics.reader.core.dao.jpa,UserDao,authenticate,Long Statement
.,com.sismics.reader.core.dao.jpa,UserDao,create,Long Statement
.,com.sismics.reader.core.dao.jpa,UserDao,update,Long Statement
.,com.sismics.reader.core.dao.jpa,UserDao,updatePassword,Long Statement
.,com.sismics.reader.core.dao.jpa,UserDao,getActiveByUsername,Long Statement
.,com.sismics.reader.core.dao.jpa,UserDao,getActiveByPasswordResetKey,Long Statement
.,com.sismics.reader.core.dao.jpa,UserDao,delete,Long Statement
.,com.sismics.reader.core.dao.jpa,UserDao,delete,Long Statement
.,com.sismics.reader.core.dao.jpa,UserDao,delete,Long Statement
.,com.sismics.reader.core.dao.jpa,UserDao,delete,Long Statement
.,com.sismics.reader.core.dao.jpa,UserDao,delete,Long Statement
.,com.sismics.reader.core.dao.jpa,FeedSynchronizationDao,deleteOldFeedSynchronization,Long Statement
.,com.sismics.reader.core.dao.jpa,FeedSynchronizationDao,findByFeedId,Long Statement
.,com.sismics.reader.core.dao.jpa,ArticleDao,getQueryParam,Long Statement
.,com.sismics.reader.core.dao.jpa,ArticleDao,create,Long Statement
.,com.sismics.reader.core.dao.jpa,ArticleDao,update,Long Statement
.,com.sismics.reader.core.dao.jpa,ArticleDao,delete,Long Statement
.,com.sismics.reader.core.dao.jpa,ArticleDao,delete,Long Statement
.,com.sismics.reader.core.dao.jpa,JobDao,getQueryParam,Long Statement
.,com.sismics.reader.core.dao.jpa,RoleBaseFunctionDao,findByRoleId,Long Statement
.,com.sismics.reader.core.dao.jpa,AuthenticationTokenDao,deleteOldSessionToken,Long Statement
.,com.sismics.util.mime,MimeTypeUtil,guessMimeType,Complex Conditional
.,com.sismics.util.mime,MimeTypeUtil,guessMimeType,Complex Conditional
.,com.sismics.util.mime,MimeTypeUtil,guessMimeType,Complex Method
.,com.sismics.util.mime,MimeTypeUtil,guessMimeType,Long Statement
.,com.sismics.util.mime,MimeTypeUtil,guessMimeType,Long Statement
.,com.sismics.util.mime,MimeTypeUtil,guessMimeType,Magic Number
.,com.sismics.util.mime,MimeTypeUtil,guessMimeType,Magic Number
.,com.sismics.util.mime,MimeTypeUtil,guessMimeType,Magic Number
.,com.sismics.util.mime,MimeTypeUtil,guessMimeType,Magic Number
.,com.sismics.util.mime,MimeTypeUtil,guessMimeType,Magic Number
.,com.sismics.util.mime,MimeTypeUtil,guessMimeType,Magic Number
.,com.sismics.util.mime,MimeTypeUtil,guessMimeType,Magic Number
.,com.sismics.util.mime,MimeTypeUtil,guessMimeType,Magic Number
.,com.sismics.util.mime,MimeTypeUtil,guessMimeType,Magic Number
.,com.sismics.util.mime,MimeTypeUtil,guessMimeType,Magic Number
.,com.sismics.util.mime,MimeTypeUtil,guessMimeType,Magic Number
.,com.sismics.util.mime,MimeTypeUtil,guessMimeType,Magic Number
.,com.sismics.util.mime,MimeTypeUtil,guessMimeType,Magic Number
.,com.sismics.util.mime,MimeTypeUtil,guessMimeType,Magic Number
.,com.sismics.util.mime,MimeTypeUtil,guessMimeType,Magic Number
.,com.sismics.util.mime,MimeTypeUtil,guessMimeType,Magic Number
.,com.sismics.util.mime,MimeTypeUtil,guessMimeType,Magic Number
.,com.sismics.util.mime,MimeTypeUtil,guessMimeType,Magic Number
.,com.sismics.util.mime,MimeTypeUtil,guessMimeType,Magic Number
.,com.sismics.util.cert,CertUtil,testSsl,Empty catch clause
.,com.sismics.util.cert,CertUtil,testSsl,Empty catch clause
.,com.sismics.util.cert,CertUtil,testSsl,Magic Number
.,com.sismics.util.log4j,MemoryAppender,append,Long Statement
.,com.sismics.util.log4j,MemoryAppender,find,Complex Conditional
.,com.sismics.util.log4j,MemoryAppender,find,Long Statement
.,com.sismics.util.jpa,QueryParam,QueryParam,Long Parameter List
.,com.sismics.util.jpa,QueryParam,QueryParam,Long Parameter List
.,com.sismics.util.jpa,ResultMapper,booleanValue,Long Statement
.,com.sismics.util.jpa,ResultMapper,intValue,Long Statement
.,com.sismics.util.jpa,ResultMapper,longValue,Long Statement
.,com.sismics.util.jpa,ResultMapper,doubleValue,Long Statement
.,com.sismics.util.jpa,DbOpenHelper,open,Long Statement
.,com.sismics.util.jpa,SuppliedConnectionProviderConnectionHelper,prepare,Empty catch clause
.,com.sismics.util.jpa,DialectUtil,isObjectNotFound,Long Statement
.,com.sismics.reader.core.util,StreamUtil,detectGzip,Magic Number
.,com.sismics.reader.core.util,StreamUtil,detectGzip,Magic Number
.,com.sismics.reader.core.util,StreamUtil,detectGzip,Magic Number
.,com.sismics.reader.core.util,DirectoryUtil,getBaseDataDirectory,Complex Method
.,com.sismics.reader.core.util.http,ReaderHttpClient,open,Complex Conditional
.,com.sismics.reader.core.util.http,ReaderHttpClient,open,Empty catch clause
.,com.sismics.reader.core.util.http,ReaderHttpClient,open,Long Statement
.,com.sismics.reader.core.util.sanitizer,ArticleSanitizer,sanitize,Complex Conditional
.,com.sismics.reader.core.util.sanitizer,ArticleSanitizer,sanitize,Complex Method
.,com.sismics.reader.core.util.sanitizer,ArticleSanitizer,sanitize,Long Statement
.,com.sismics.reader.core.util.sanitizer,ArticleSanitizer,sanitize,Long Statement
.,com.sismics.reader.core.util.sanitizer,ArticleSanitizer,sanitize,Long Statement
.,com.sismics.reader.core.util.sanitizer,ArticleSanitizer,sanitize,Long Statement
.,com.sismics.reader.core.util.sanitizer,ArticleSanitizer,sanitize,Long Statement
.,com.sismics.reader.core.util.sanitizer,ArticleSanitizer,sanitize,Magic Number
.,com.sismics.reader.core.util.sanitizer,ArticleSanitizer,sanitize,Magic Number
.,com.sismics.reader.core.util.sanitizer,ArticleSanitizer,sanitize,Magic Number
.,com.sismics.reader.core.util.sanitizer,ArticleSanitizer,apply,Complex Conditional
.,com.sismics.reader.core.util.sanitizer,ArticleSanitizer,apply,Complex Method
.,com.sismics.reader.core.util.sanitizer,ArticleSanitizer,apply,Magic Number
.,com.sismics.reader.core.util.sanitizer,ArticleSanitizer,apply,Magic Number
.,com.sismics.reader.core.util.sanitizer,ArticleSanitizer,apply,Magic Number
.,com.sismics.reader.core.dao.lucene,ArticleDao,search,Long Statement
.,com.sismics.reader.core.dao.lucene,ArticleDao,search,Long Statement
.,com.sismics.reader.core.dao.lucene,ArticleDao,search,Magic Number
.,com.sismics.reader.core.dao.lucene,ArticleDao,search,Magic Number
.,com.sismics.reader.core.dao.lucene,ArticleDao,search,Magic Number
.,com.sismics.reader.core.dao.lucene,ArticleDao,search,Magic Number
.,com.sismics.reader.core.event,ArticleUpdatedAsyncEvent,toString,Long Statement
.,com.sismics.reader.core.event,ArticleCreatedAsyncEvent,toString,Long Statement
.,com.sismics.reader.core.event,ArticleDeletedAsyncEvent,toString,Long Statement
.,com.sismics.reader.core.service,IndexingService,searchArticles,Long Statement
.,com.sismics.reader.core.service,FeedService,scheduler,Magic Number
.,com.sismics.reader.core.service,FeedService,synchronizeAllFeeds,Magic Number
.,com.sismics.reader.core.service,FeedService,synchronize,Complex Method
.,com.sismics.reader.core.service,FeedService,synchronize,Long Method
.,com.sismics.reader.core.service,FeedService,synchronize,Long Statement
.,com.sismics.reader.core.service,FeedService,synchronize,Long Statement
.,com.sismics.reader.core.service,FeedService,synchronize,Long Statement
.,com.sismics.reader.core.service,FeedService,synchronize,Long Statement
.,com.sismics.reader.core.service,FeedService,synchronize,Long Statement
.,com.sismics.reader.core.service,FeedService,synchronize,Magic Number
.,com.sismics.reader.core.service,FeedService,synchronize,Magic Number
.,com.sismics.reader.core.service,FeedService,synchronize,Magic Number
.,com.sismics.reader.core.service,FeedService,synchronize,Magic Number
.,com.sismics.reader.core.service,FeedService,synchronize,Magic Number
.,com.sismics.reader.core.service,FeedService,synchronize,Magic Number
.,com.sismics.reader.core.service,FeedService,synchronize,Magic Number
.,com.sismics.reader.core.service,FeedService,synchronize,Magic Number
.,com.sismics.reader.core.service,FeedService,synchronize,Magic Number
.,com.sismics.reader.core.service,FeedService,synchronize,Magic Number
.,com.sismics.reader.core.service,FeedService,getArticleToRemove,Long Statement
.,com.sismics.reader.core.service,FeedService,getArticleToRemove,Long Statement
.,com.sismics.reader.core.service,FeedService,isFaviconUpdated,Long Statement
.,com.sismics.reader.core.service,FeedService,isFaviconUpdated,Magic Number
.,com.sismics.reader.core.service,FeedService,logParsingError,Complex Conditional
.,com.sismics.reader.core.service,FeedService,createInitialUserArticle,Long Statement
.,com.sismics.reader.core.model.context,AppContext,waitForAsync,Empty catch clause
.,com.sismics.reader.core.model.context,AppContext,waitForAsync,Magic Number
.,com.sismics.reader.core.model.jpa,FeedSubscription,toString,Long Statement
.,com.sismics.reader.core.listener.async,SubscriptionImportAsyncListener,createJob,Empty catch clause
.,com.sismics.reader.core.listener.async,SubscriptionImportAsyncListener,createJob,Empty catch clause
.,com.sismics.reader.core.listener.async,SubscriptionImportAsyncListener,createJob,Long Statement
.,com.sismics.reader.core.listener.async,SubscriptionImportAsyncListener,processImportFile,Complex Method
.,com.sismics.reader.core.listener.async,SubscriptionImportAsyncListener,processImportFile,Empty catch clause
.,com.sismics.reader.core.listener.async,SubscriptionImportAsyncListener,processImportFile,Empty catch clause
.,com.sismics.reader.core.listener.async,SubscriptionImportAsyncListener,processImportFile,Long Statement
.,com.sismics.reader.core.listener.async,SubscriptionImportAsyncListener,processImportFile,Long Statement
.,com.sismics.reader.core.listener.async,SubscriptionImportAsyncListener,processImportFile,Long Statement
.,com.sismics.reader.core.listener.async,SubscriptionImportAsyncListener,processImportFile,Long Statement
.,com.sismics.reader.core.listener.async,SubscriptionImportAsyncListener,importOutline,Complex Method
.,com.sismics.reader.core.listener.async,SubscriptionImportAsyncListener,importOutline,Long Statement
.,com.sismics.reader.core.listener.async,SubscriptionImportAsyncListener,importOutline,Long Statement
.,com.sismics.reader.core.listener.async,SubscriptionImportAsyncListener,importOutline,Long Statement
.,com.sismics.reader.core.listener.async,SubscriptionImportAsyncListener,importFeedFromStarred,Complex Method
.,com.sismics.reader.core.listener.async,SubscriptionImportAsyncListener,importFeedFromStarred,Long Statement
.,com.sismics.reader.core.listener.async,SubscriptionImportAsyncListener,importFeedFromStarred,Magic Number
.,com.sismics.reader.rest.descriptor,JerseyTestWebAppDescriptorFactory,build,Long Statement
.,com.sismics.reader.rest.util,TestValidationUtil,testValidateHttpUrlFail,Empty catch clause
.,com.sismics.reader.rest.util,TestValidationUtil,testValidateHttpUrlFail,Empty catch clause
.,com.sismics.reader.rest,BaseJerseyTest,setUp,Magic Number
.,com.sismics.reader.rest,BaseJerseyTest,startHttpServer,Long Statement
.,com.sismics.reader.rest,BaseJerseyTest,startHttpServer,Magic Number
.,com.sismics.reader.rest,BaseJerseyTest,createUser,Long Statement
.,com.sismics.reader.rest,BaseJerseyTest,assertIsOk,Magic Number
.,com.sismics.reader.rest,BaseJerseyTest,assertIsBadRequest,Magic Number
.,com.sismics.reader.rest,BaseJerseyTest,assertIsForbidden,Magic Number
.,com.sismics.reader.rest,TestJobResource,testJobResource,Long Statement
.,com.sismics.reader.rest,TestJobResource,testJobResource,Magic Number
.,com.sismics.reader.rest,TestJobResource,testJobResource,Magic Number
.,com.sismics.reader.rest,TestSearchResource,testSearchResource,Long Statement
.,com.sismics.reader.rest,TestSearchResource,testSearchResource,Long Statement
.,com.sismics.reader.rest,TestSearchResource,testSearchResource,Magic Number
.,com.sismics.reader.rest,TestSearchResource,testSearchResource,Magic Number
.,com.sismics.reader.rest,TestSearchResource,testSearchResource,Magic Number
.,com.sismics.reader.rest,TestAppResource,testLogResource,Magic Number
.,com.sismics.reader.rest,TestAppResource,testLogResource,Magic Number
.,com.sismics.reader.rest,TestAppResource,testLogResource,Magic Number
.,com.sismics.reader.rest,TestAppResource,testLogResource,Magic Number
.,com.sismics.reader.rest,TestAppResource,testLogResource,Magic Number
.,com.sismics.reader.rest,TestSecurity,testHeaderBasedAuthentication,Long Statement
.,com.sismics.reader.rest,TestSecurity,testHeaderBasedAuthentication,Long Statement
.,com.sismics.reader.rest,TestSubscriptionResource,testSubscriptionAddResource,Long Method
.,com.sismics.reader.rest,TestSubscriptionResource,testSubscriptionAddResource,Magic Number
.,com.sismics.reader.rest,TestSubscriptionResource,testSubscriptionAddResource,Magic Number
.,com.sismics.reader.rest,TestSubscriptionResource,testSubscriptionAddResource,Magic Number
.,com.sismics.reader.rest,TestSubscriptionResource,testSubscriptionAddResource,Magic Number
.,com.sismics.reader.rest,TestSubscriptionResource,testSubscriptionAddResource,Magic Number
.,com.sismics.reader.rest,TestSubscriptionResource,testSubscriptionAddResource,Magic Number
.,com.sismics.reader.rest,TestSubscriptionResource,testSubscriptionAddResource,Magic Number
.,com.sismics.reader.rest,TestSubscriptionResource,testSubscriptionAddResource,Magic Number
.,com.sismics.reader.rest,TestSubscriptionResource,testDeletedArticle,Magic Number
.,com.sismics.reader.rest,TestSubscriptionResource,testDeletedArticle,Magic Number
.,com.sismics.reader.rest,TestSubscriptionResource,testDeletedArticle,Magic Number
.,com.sismics.reader.rest,TestSubscriptionResource,testDeletedArticle,Magic Number
.,com.sismics.reader.rest,TestSubscriptionResource,testDeletedArticle,Magic Number
.,com.sismics.reader.rest,TestSubscriptionResource,testDeletedArticle,Magic Number
.,com.sismics.reader.rest,TestSubscriptionResource,testDeletedArticle,Magic Number
.,com.sismics.reader.rest,TestSubscriptionResource,testDeletedArticle,Magic Number
.,com.sismics.reader.rest,TestSubscriptionResource,testSubscriptionImportOpml,Long Statement
.,com.sismics.reader.rest,TestSubscriptionResource,testSubscriptionImportOpml,Magic Number
.,com.sismics.reader.rest,TestSubscriptionResource,testSubscriptionImportTakeout,Long Statement
.,com.sismics.reader.rest,TestSubscriptionResource,testSubscriptionImportTakeout,Magic Number
.,com.sismics.reader.rest,TestSubscriptionResource,testSubscriptionImportTakeout,Magic Number
.,com.sismics.reader.rest,TestSubscriptionResource,testIssue110,Long Statement
.,com.sismics.reader.rest,TestSubscriptionResource,testIssue119,Magic Number
.,com.sismics.reader.rest,TestSubscriptionResource,testIssue119,Magic Number
.,com.sismics.reader.rest,TestSubscriptionResource,testIssue119,Magic Number
.,com.sismics.reader.rest,TestSubscriptionResource,testIssue119,Magic Number
.,com.sismics.reader.rest,TestCategoryResource,testCategoryResource,Long Method
.,com.sismics.reader.rest,TestCategoryResource,testCategoryResource,Magic Number
.,com.sismics.reader.rest,TestCategoryResource,testCategoryResource,Magic Number
.,com.sismics.reader.rest,TestCategoryResource,testCategoryResource,Magic Number
.,com.sismics.reader.rest,TestCategoryResource,testCategoryResource,Magic Number
.,com.sismics.reader.rest,TestCategoryResource,testCategoryResource,Magic Number
.,com.sismics.reader.rest,TestAllResource,testAllResource,Magic Number
.,com.sismics.reader.rest,TestAllResource,testAllResource,Magic Number
.,com.sismics.reader.rest,TestAllResource,testAllResource,Magic Number
.,com.sismics.reader.rest,TestAllResource,testAllResource,Magic Number
.,com.sismics.reader.rest,TestAllResource,testAllResource,Magic Number
.,com.sismics.reader.rest,TestAllResource,testAllResource,Magic Number
.,com.sismics.reader.rest,TestAllResource,testAllResource,Magic Number
.,com.sismics.reader.rest,TestAllResource,testMultipleUsers,Magic Number
.,com.sismics.reader.rest,TestAllResource,testMultipleUsers,Magic Number
.,com.sismics.reader.rest,TestUserResource,testUserResource,Long Statement
.,com.sismics.reader.rest,TestUserResource,testUserResource,Magic Number
.,com.sismics.reader.rest,TestUserResource,testUserResourceAdmin,Long Statement
.,com.sismics.reader.rest,TestStarredResource,testStarredResource,Magic Number
.,com.sismics.reader.rest,TestStarredResource,testStarredResource,Magic Number
.,com.sismics.reader.rest,TestStarredResource,testStarredResource,Magic Number
.,com.sismics.util.filter,TokenBasedSecurityFilter,extractAuthToken,Long Statement
.,com.sismics.util.filter,TokenBasedSecurityFilter,isTokenExpired,Long Statement
.,com.sismics.util.filter,TokenBasedSecurityFilter,isTokenExpired,Magic Number
.,com.sismics.util.filter,TokenBasedSecurityFilter,isTokenExpired,Magic Number
.,com.sismics.util.filter,RequestContextFilter,addFileLogger,Magic Number
.,com.sismics.util.filter,RequestContextFilter,doFilter,Magic Number
.,com.sismics.util.filter,RequestContextFilter,doFilter,Magic Number
.,com.sismics.util.filter,RequestContextFilter,doFilter,Magic Number
.,com.sismics.util.filter,RequestContextFilter,doFilter,Magic Number
.,com.sismics.util.filter,HeaderBasedSecurityFilter,init,Long Statement
.,com.sismics.rest.util,ValidationUtil,validateLength,Long Parameter List
.,com.sismics.rest.util,ValidationUtil,validateLength,Long Statement
.,com.sismics.rest.util,ValidationUtil,validateLength,Long Statement
.,com.sismics.rest.util,ValidationUtil,validateAlphanumeric,Long Statement
.,com.sismics.rest.exception,ForbiddenClientException,ForbiddenClientException,Long Statement
.,com.sismics.rest.exception,ServerException,ServerException,Long Statement
.,com.sismics.reader.agent.deployer,ReaderDeployer,getMemoryUsed,Magic Number
.,com.sismics.reader.agent.deployer,ReaderDeployer,getMemoryUsed,Magic Number
.,com.sismics.reader.agent.deployer,ReaderDeployer,getUrl,Magic Number
.,com.sismics.reader.agent.deployer,DeploymentStatus,DeploymentStatus,Long Parameter List
.,com.sismics.reader.agent,ReaderAgent,isElevationNeeded,Magic Number
.,com.sismics.reader.agent.ui,StatusPanel,initComponent,Magic Number
.,com.sismics.reader.agent.ui,StatusPanel,initComponent,Magic Number
.,com.sismics.reader.agent.ui,StatusPanel,notifyDeploymentStatus,Long Statement
.,com.sismics.reader.agent.ui,AgentFrame,centerComponent,Magic Number
.,com.sismics.reader.agent.ui,AgentFrame,centerComponent,Magic Number
.,com.sismics.reader.agent.ui,AgentFrame,centerComponent,Magic Number
.,com.sismics.reader.agent.ui,AgentFrame,centerComponent,Magic Number
.,com.sismics.reader.agent.ui,AgentFrame,initComponent,Magic Number
.,com.sismics.reader.agent.ui,AgentFrame,initComponent,Magic Number
.,com.sismics.reader.agent.ui,SettingPanel,saveSetting,Long Statement
.,com.sismics.reader.agent.ui,SettingPanel,initComponent,Long Statement
.,com.sismics.reader.agent.ui,SettingPanel,initComponent,Magic Number
.,com.sismics.reader.agent.ui,SettingPanel,initComponent,Magic Number
.,com.sismics.reader.agent.ui,SettingPanel,actionPerformed,Long Statement
.,com.sismics.reader.agent.ui,SettingPanel,getPort,Magic Number
.,com.sismics.reader.agent.model,Setting,read,Empty catch clause
.,com.sismics.reader.agent.model,Setting,save,Empty catch clause
.,com.sismics.parallaxscroll,ParallaxScrollView,init,Long Statement
.,com.sismics.parallaxscroll,ParallaxScrollView,onScrollChanged,Magic Number
.,com.sismics.reader.activity,CategoriesActivity,onCreate,Long Statement
.,com.sismics.reader.activity,CategoriesActivity,finish,Long Statement
.,com.sismics.reader.activity,CategoriesActivity,save,Complex Method
.,com.sismics.reader.activity,CategoriesActivity,save,Long Statement
.,com.sismics.reader.activity,CategoriesActivity,save,Long Statement
.,com.sismics.reader.activity,CategoriesActivity,run,Long Statement
.,com.sismics.reader.activity,CategoriesActivity,run,Long Statement
.,com.sismics.reader.activity,CategoriesActivity,onOptionsItemSelected,Long Statement
.,com.sismics.reader.activity,ArticleActivity,onCreate,Complex Method
.,com.sismics.reader.activity,ArticleActivity,onCreate,Long Method
.,com.sismics.reader.activity,ArticleActivity,onCreate,Magic Number
.,com.sismics.reader.activity,ArticleActivity,onCreate,Magic Number
.,com.sismics.reader.activity,ArticleActivity,onCreate,Magic Number
.,com.sismics.reader.activity,ArticleActivity,onCreate,Magic Number
.,com.sismics.reader.activity,ArticleActivity,onPageSelected,Magic Number
.,com.sismics.reader.activity,ArticleActivity,onPageSelected,Magic Number
.,com.sismics.reader.activity,ArticleActivity,onPageScrolled,Magic Number
.,com.sismics.reader.activity,ArticleActivity,onScroll,Magic Number
.,com.sismics.reader.activity,ArticleActivity,onArticlesDrawerOpened,Magic Number
.,com.sismics.reader.activity,ArticleActivity,onOptionsItemSelected,Missing default
.,com.sismics.reader.activity,LicenseActivity,onCreate,Long Statement
.,com.sismics.reader.activity,MainActivity,onCreate,Long Statement
.,com.sismics.reader.activity,MainActivity,onOptionsItemSelected,Complex Method
.,com.sismics.reader.activity,MainActivity,onOptionsItemSelected,Long Statement
.,com.sismics.reader.activity,MainActivity,onOptionsItemSelected,Long Statement
.,com.sismics.reader.activity,MainActivity,onOptionsItemSelected,Missing default
.,com.sismics.reader.activity,MainActivity,selectItem,Complex Method
.,com.sismics.reader.activity,MainActivity,selectItem,Long Statement
.,com.sismics.reader.activity,MainActivity,selectItem,Long Statement
.,com.sismics.reader.activity,MainActivity,refreshSubscriptions,Long Statement
.,com.sismics.reader.activity,MainActivity,refreshSubscriptions,Long Statement
.,com.sismics.reader.activity,MainActivity,refreshSubscriptions,Long Statement
.,com.sismics.reader.activity,MainActivity,onFailure,Long Statement
.,com.sismics.reader.activity,MainActivity,handleIntent,Long Statement
.,com.sismics.reader.activity,MainActivity,handleIntent,Long Statement
.,com.sismics.reader.activity,LoginActivity,onCreate,Long Statement
.,com.sismics.reader.activity,LoginActivity,onCreate,Long Statement
.,com.sismics.reader.activity,LoginActivity,onCreate,Long Statement
.,com.sismics.reader.activity,LoginActivity,onClick,Long Statement
.,com.sismics.reader.activity,LoginActivity,onClick,Long Statement
.,com.sismics.reader.activity,LoginActivity,tryConnect,Long Statement
.,com.sismics.reader.util,PreferenceUtil,getServerUrl,Magic Number
.,com.sismics.reader.ui.widget,ArticleScrollView,onScrollChanged,Magic Number
.,com.sismics.reader.ui.widget,ArticleScrollView,onScrollChanged,Magic Number
.,com.sismics.reader.ui.widget,ArticlesSwipeRefreshLayout,canChildScrollUp,Long Statement
.,com.sismics.reader.ui.adapter,ArticlesAdapter,getView,Long Statement
.,com.sismics.reader.ui.adapter,ArticlesAdapter,getView,Long Statement
.,com.sismics.reader.ui.adapter,ArticlesAdapter,getView,Long Statement
.,com.sismics.reader.ui.adapter,ArticlesAdapter,getView,Magic Number
.,com.sismics.reader.ui.adapter,CategoryAdapter,getView,Long Statement
.,com.sismics.reader.ui.adapter,CategoryAdapter,getView,Missing default
.,com.sismics.reader.ui.adapter,CategoryAdapter,onClick,Long Statement
.,com.sismics.reader.ui.adapter,CategoryAdapter,onClick,Missing default
.,com.sismics.reader.ui.adapter,CategoryAdapter,onMenuItemClick,Long Statement
.,com.sismics.reader.ui.adapter,CategoryAdapter,onMenuItemClick,Missing default
.,com.sismics.reader.ui.adapter,CategoryAdapter,delete,Long Statement
.,com.sismics.reader.ui.adapter,SharedArticlesAdapterHelper,restart,Complex Conditional
.,com.sismics.reader.ui.adapter,SharedArticlesAdapterHelper,load,Complex Conditional
.,com.sismics.reader.ui.adapter,SharedArticlesAdapterHelper,load,Complex Method
.,com.sismics.reader.ui.adapter,SharedArticlesAdapterHelper,load,Long Statement
.,com.sismics.reader.ui.adapter,SharedArticlesAdapterHelper,load,Long Statement
.,com.sismics.reader.ui.adapter,SharedArticlesAdapterHelper,load,Magic Number
.,com.sismics.reader.ui.adapter,SharedArticlesAdapterHelper,load,Magic Number
.,com.sismics.reader.ui.adapter,SharedArticlesAdapterHelper,load,Magic Number
.,com.sismics.reader.ui.adapter,SharedArticlesAdapterHelper,onSuccess,Magic Number
.,com.sismics.reader.ui.adapter,SharedArticlesAdapterHelper,onSuccess,Magic Number
.,com.sismics.reader.ui.adapter,SubscriptionAdapter,getView,Complex Method
.,com.sismics.reader.ui.adapter,SubscriptionAdapter,getView,Long Statement
.,com.sismics.reader.ui.adapter,SubscriptionAdapter,getView,Magic Number
.,com.sismics.reader.ui.adapter,SubscriptionAdapter,getView,Magic Number
.,com.sismics.reader.ui.adapter,SubscriptionAdapter,getViewTypeCount,Magic Number
.,com.sismics.reader.ui.adapter,SubscriptionAdapter,isEnabled,Long Statement
.,com.sismics.reader.fragment,SettingsFragment,onCreate,Long Statement
.,com.sismics.reader.fragment,SettingsFragment,onCreate,Long Statement
.,com.sismics.reader.fragment,SettingsFragment,onPreferenceClick,Long Statement
.,com.sismics.reader.fragment,ArticlesDefaultFragment,onSubscriptionError,Long Statement
.,com.sismics.reader.fragment,ArticlesFragment,onError,Long Statement
.,com.sismics.reader.fragment,ArticlesFragment,initFragment,Complex Method
.,com.sismics.reader.fragment,ArticlesFragment,initFragment,Long Method
.,com.sismics.reader.fragment,ArticlesFragment,initFragment,Long Parameter List
.,com.sismics.reader.fragment,ArticlesFragment,initFragment,Magic Number
.,com.sismics.reader.fragment,ArticlesFragment,initFragment,Missing default
.,com.sismics.reader.fragment,ArticlesFragment,onScroll,Magic Number
.,com.sismics.reader.fragment,ArticlesFragment,onActionItemClicked,Complex Method
.,com.sismics.reader.fragment,ArticlesFragment,onActionItemClicked,Missing default
.,com.sismics.reader.fragment,ArticlesFragment,onActivityResult,Magic Number
.,com.sismics.reader.fragment,ArticleFragment,onCreateView,Complex Conditional
.,com.sismics.reader.fragment,ArticleFragment,onCreateView,Long Statement
.,com.sismics.reader.fragment,ArticleFragment,onCreateView,Long Statement
.,com.sismics.reader.fragment,ArticleFragment,onCreateView,Long Statement
.,com.sismics.reader.fragment,ArticleFragment,onCreateView,Long Statement
.,com.sismics.reader.fragment,ArticleFragment,onCreateView,Long Statement
.,com.sismics.reader.fragment,ArticleFragment,onCreateView,Long Statement
.,com.sismics.reader.fragment,ArticleFragment,onCreateView,Magic Number
.,com.sismics.reader.fragment,ArticleFragment,zoomImageFromThumb,Long Statement
.,com.sismics.reader.fragment,ArticleFragment,zoomImageFromThumb,Long Statement
.,com.sismics.reader.fragment,ArticleFragment,zoomImageFromThumb,Magic Number
.,com.sismics.reader.fragment,ArticleFragment,zoomImageFromThumb,Magic Number
.,com.sismics.reader.fragment,ArticleFragment,onClick,Long Statement
.,com.sismics.reader.fragment,AddSubscriptionDialogFragment,onCreateDialog,Long Statement
.,com.sismics.reader.fragment,AddSubscriptionDialogFragment,show,Long Statement
.,com.sismics.reader.fragment,AddSubscriptionDialogFragment,onClick,Long Statement
.,com.sismics.reader.resource,CategoryResource,update,Long Parameter List
.,com.sismics.reader.resource,SubscriptionResource,feed,Long Parameter List
.,com.sismics.reader.resource,BaseResource,init,Long Statement
.,com.sismics.android.util,DialogUtil,showOkDialog,Long Statement
.,com.sismics.reader.rest.assembler,ArticleAssembler,asJson,Long Statement
.,com.sismics.reader.rest.dao,ThemeDao,findAll,Complex Method
.,com.sismics.reader.rest.resource,CategoryResource,get,Long Statement
.,com.sismics.reader.rest.resource,CategoryResource,get,Long Statement
.,com.sismics.reader.rest.resource,CategoryResource,add,Magic Number
.,com.sismics.reader.rest.resource,CategoryResource,read,Long Statement
.,com.sismics.reader.rest.resource,CategoryResource,update,Magic Number
.,com.sismics.reader.rest.resource,SubscriptionResource,list,Complex Conditional
.,com.sismics.reader.rest.resource,SubscriptionResource,list,Complex Method
.,com.sismics.reader.rest.resource,SubscriptionResource,list,Long Statement
.,com.sismics.reader.rest.resource,SubscriptionResource,list,Long Statement
.,com.sismics.reader.rest.resource,SubscriptionResource,get,Long Statement
.,com.sismics.reader.rest.resource,SubscriptionResource,get,Long Statement
.,com.sismics.reader.rest.resource,SubscriptionResource,add,Long Statement
.,com.sismics.reader.rest.resource,SubscriptionResource,add,Magic Number
.,com.sismics.reader.rest.resource,SubscriptionResource,update,Magic Number
.,com.sismics.reader.rest.resource,SubscriptionResource,favicon,Long Statement
.,com.sismics.reader.rest.resource,SubscriptionResource,favicon,Long Statement
.,com.sismics.reader.rest.resource,SubscriptionResource,favicon,Magic Number
.,com.sismics.reader.rest.resource,SubscriptionResource,favicon,Magic Number
.,com.sismics.reader.rest.resource,SubscriptionResource,favicon,Magic Number
.,com.sismics.reader.rest.resource,SubscriptionResource,read,Long Statement
.,com.sismics.reader.rest.resource,SubscriptionResource,importFile,Empty catch clause
.,com.sismics.reader.rest.resource,TextPlainMessageBodyWriter,getSize,Long Parameter List
.,com.sismics.reader.rest.resource,TextPlainMessageBodyWriter,writeTo,Long Parameter List
.,com.sismics.reader.rest.resource,AppResource,log,Long Parameter List
.,com.sismics.reader.rest.resource,AppResource,log,Long Statement
.,com.sismics.reader.rest.resource,ArticleResource,read,Long Statement
.,com.sismics.reader.rest.resource,ArticleResource,readMultiple,Long Statement
.,com.sismics.reader.rest.resource,ArticleResource,unread,Long Statement
.,com.sismics.reader.rest.resource,ArticleResource,unreadMultiple,Long Statement
.,com.sismics.reader.rest.resource,AllResource,get,Long Statement
.,com.sismics.reader.rest.resource,AllResource,get,Long Statement
.,com.sismics.reader.rest.resource,AllResource,read,Long Statement
.,com.sismics.reader.rest.resource,StarredResource,get,Long Statement
.,com.sismics.reader.rest.resource,StarredResource,get,Long Statement
.,com.sismics.reader.rest.resource,UserResource,register,Magic Number
.,com.sismics.reader.rest.resource,UserResource,register,Magic Number
.,com.sismics.reader.rest.resource,UserResource,register,Magic Number
.,com.sismics.reader.rest.resource,UserResource,register,Magic Number
.,com.sismics.reader.rest.resource,UserResource,register,Magic Number
.,com.sismics.reader.rest.resource,UserResource,register,Magic Number
.,com.sismics.reader.rest.resource,UserResource,update,Complex Method
.,com.sismics.reader.rest.resource,UserResource,update,Long Parameter List
.,com.sismics.reader.rest.resource,UserResource,update,Long Statement
.,com.sismics.reader.rest.resource,UserResource,update,Magic Number
.,com.sismics.reader.rest.resource,UserResource,update,Magic Number
.,com.sismics.reader.rest.resource,UserResource,update,Magic Number
.,com.sismics.reader.rest.resource,UserResource,update,Complex Method
.,com.sismics.reader.rest.resource,UserResource,update,Long Parameter List
.,com.sismics.reader.rest.resource,UserResource,update,Magic Number
.,com.sismics.reader.rest.resource,UserResource,update,Magic Number
.,com.sismics.reader.rest.resource,UserResource,update,Magic Number
.,com.sismics.reader.rest.resource,UserResource,info,Complex Method
.,com.sismics.reader.rest.resource,UserResource,info,Long Statement
