Project Name,Package Name,Type Name,NOF,NOPF,NOM,NOPM,LOC,WMC,NC,DIT,LCOM,FANIN,FANOUT
.,com.sismics.util,TestUrlUtil,0,0,2,2,20,2,0,0,-1.0,0,1
.,com.sismics.util,TestArticleSanitizer,0,0,16,16,281,16,0,0,-1.0,0,5
.,com.sismics.util,TestCertUtil,0,0,3,3,22,3,0,0,-1.0,0,1
.,com.sismics.util,TestTextSanitizer,0,0,1,1,16,1,0,0,-1.0,0,1
.,com.sismics.util,TestAdblockUtil,0,0,1,1,8,1,0,0,-1.0,0,2
.,com.sismics.util,TestDateUtil,0,0,2,2,12,2,0,0,-1.0,0,2
.,com.sismics.util,TestNetworkUtil,0,0,1,1,9,1,0,0,-1.0,0,1
.,com.sismics.util,TestResourceUtil,0,0,2,2,21,2,0,0,-1.0,0,1
.,com.sismics.util,UrlUtil,0,0,3,3,68,11,0,0,-1.0,7,3
.,com.sismics.util,JsonValidationUtil,0,0,6,6,86,17,0,0,-1.0,1,0
.,com.sismics.util,LocaleUtil,0,0,2,2,50,8,0,0,-1.0,2,3
.,com.sismics.util,EnvironmentUtil,9,0,12,12,102,12,0,0,0.6666666666666666,10,1
.,com.sismics.util,NetworkUtil,1,0,1,1,37,3,0,0,0.0,2,0
.,com.sismics.util,ResourceUtil,0,0,3,3,93,14,0,0,-1.0,4,1
.,com.sismics.util,HttpUtil,1,0,2,2,78,8,0,0,1.0,0,0
.,com.sismics.util,AdblockUtil,4,0,11,11,139,24,0,0,0.18181818181818182,1,2
.,com.sismics.util,DateUtil,2,0,2,2,52,7,0,0,0.0,3,1
.,com.sismics.util,MessageUtil,0,0,2,2,32,2,0,0,-1.0,7,0
.,com.sismics.util,EnvironmentUtil,5,0,7,7,60,7,0,0,0.7142857142857143,0,0
.,com.sismics.util,MessageUtil,1,0,1,1,24,1,0,0,0.0,0,0
.,com.sismics.reader,BaseTransactionalTest,0,0,2,2,15,2,0,0,-1.0,0,2
.,com.sismics.reader,MainApplication,0,0,2,2,15,2,0,0,-1.0,0,2
.,com.sismics.reader,Standalone,2,0,1,1,60,5,0,0,0.0,0,0
.,com.sismics.reader.core.dao.file.opml,TestOpmlReader,0,0,3,3,119,3,0,0,-1.0,0,3
.,com.sismics.reader.core.dao.file.opml,Outline,6,0,12,12,92,12,0,0,0.5,4,0
.,com.sismics.reader.core.dao.file.opml,OpmlReader,7,0,8,6,127,19,0,0,0.25,2,1
.,com.sismics.reader.core.dao.file.opml,OpmlFlattener,0,0,3,1,54,11,0,0,-1.0,3,2
.,com.sismics.reader.core.dao.file.json,TestStarredReader,2,0,3,3,45,3,0,1,0.0,0,4
.,com.sismics.reader.core.dao.file.json,StarredReader,2,0,2,2,91,13,0,0,0.0,2,5
.,com.sismics.reader.core.dao.file.json,StarredArticleImportedEvent,2,0,5,5,39,5,0,0,0.0,3,2
.,com.sismics.reader.core.dao.file.json,StarredArticleImportedListener,0,0,1,0,11,1,1,0,-1.0,1,1
.,com.sismics.reader.core.dao.file.rss,TestRssReader,0,0,30,30,580,30,0,0,-1.0,0,3
.,com.sismics.reader.core.dao.file.rss,AtomArticleCommentUrlGuesserStrategy,0,0,1,1,27,6,0,0,-1.0,0,0
.,com.sismics.reader.core.dao.file.rss,AtomArticleUrlGuesserStrategy,0,0,1,1,27,6,0,0,-1.0,0,0
.,com.sismics.reader.core.dao.file.rss,AtomLink,3,0,7,7,71,7,0,0,0.0,0,0
.,com.sismics.reader.core.dao.file.rss,RssReader,22,3,14,8,447,97,0,0,0.0,4,7
.,com.sismics.reader.core.dao.file.rss,GuidFixer,0,0,1,1,27,5,0,0,-1.0,2,1
.,com.sismics.reader.core.dao.file.rss,XmlReader,2,0,3,3,70,11,0,0,0.0,0,0
.,com.sismics.reader.core.dao.file.rss,AtomUrlGuesserStrategy,0,0,2,2,43,10,0,0,-1.0,1,0
.,com.sismics.reader.core.dao.file.html,TestRssExtractor,0,0,5,5,46,5,0,0,-1.0,0,1
.,com.sismics.reader.core.dao.file.html,TestFaviconDownloader,0,0,5,5,57,6,0,0,-1.0,0,1
.,com.sismics.reader.core.dao.file.html,TestFaviconExtractor,0,0,2,2,17,2,0,0,-1.0,0,1
.,com.sismics.reader.core.dao.file.html,FeedChooserStrategy,0,0,1,1,14,1,0,0,-1.0,0,0
.,com.sismics.reader.core.dao.file.html,FaviconDownloader,2,1,5,5,132,22,0,0,0.4,1,3
.,com.sismics.reader.core.dao.file.html,FaviconExtractor,3,0,4,4,62,8,0,0,0.5,2,0
.,com.sismics.reader.core.dao.file.html,RssExtractor,3,0,4,4,61,8,0,0,0.5,2,1
.,com.sismics.reader.core.dao.jpa,TestJpa,0,0,1,1,19,1,0,0,-1.0,0,3
.,com.sismics.reader.core.dao.jpa,FeedSubscriptionDao,0,0,9,8,140,18,0,0,-1.0,3,5
.,com.sismics.reader.core.dao.jpa,FeedDao,0,0,5,4,81,8,0,0,-1.0,0,5
.,com.sismics.reader.core.dao.jpa,CategoryDao,0,0,9,9,116,12,0,0,-1.0,1,2
.,com.sismics.reader.core.dao.jpa,UserArticleDao,0,0,6,5,169,27,0,0,-1.0,5,5
.,com.sismics.reader.core.dao.jpa,ConfigDao,0,0,1,1,23,2,0,0,-1.0,2,2
.,com.sismics.reader.core.dao.jpa,UserDao,0,0,10,8,149,12,0,0,-1.0,1,5
.,com.sismics.reader.core.dao.jpa,JobEventDao,0,0,3,2,40,4,0,0,-1.0,0,5
.,com.sismics.reader.core.dao.jpa,FeedSynchronizationDao,0,0,3,3,36,3,0,0,-1.0,0,3
.,com.sismics.reader.core.dao.jpa,ArticleDao,0,0,5,4,93,15,0,0,-1.0,1,6
.,com.sismics.reader.core.dao.jpa,JobDao,0,0,5,4,68,6,0,0,-1.0,1,5
.,com.sismics.reader.core.dao.jpa,LocaleDao,0,0,2,2,29,2,0,0,-1.0,3,2
.,com.sismics.reader.core.dao.jpa,RoleBaseFunctionDao,0,0,1,1,17,1,0,0,-1.0,1,1
.,com.sismics.reader.core.dao.jpa,AuthenticationTokenDao,0,0,5,5,63,6,0,0,-1.0,1,2
.,com.sismics.util.adblock,SubscriptionParser,9,0,3,3,40,7,0,0,0.0,0,1
.,com.sismics.util.adblock,Subscription,6,6,0,0,8,0,0,0,-1.0,3,0
.,com.sismics.util.adblock,JSEngine,1,0,3,3,13,3,0,0,0.0,2,0
.,com.sismics.util.adblock,Helper,2,0,7,7,29,7,0,0,0.8571428571428571,0,1
.,com.sismics.util.context,ThreadLocalContext,2,1,6,5,58,7,0,0,0.5,19,1
.,com.sismics.util.mime,MimeTypeUtil,0,0,1,1,44,8,0,0,-1.0,2,1
.,com.sismics.util.mime,MimeType,5,5,0,0,11,0,0,0,-1.0,2,0
.,com.sismics.util.cert,CertUtil,0,0,2,2,59,5,0,0,-1.0,1,0
.,com.sismics.util.cert,TrustAllManager,0,0,3,3,13,3,0,0,-1.0,0,0
.,com.sismics.util.log4j,MemoryAppender,2,0,7,6,88,14,0,0,0.42857142857142855,1,3
.,com.sismics.util.log4j,LogCriteria,3,0,6,6,63,6,0,0,0.5,2,0
.,com.sismics.util.log4j,LogEntry,4,0,5,5,63,5,0,0,0.0,1,0
.,com.sismics.util.jpa,ManagedProviderConnectionHelper,3,0,7,4,61,10,0,0,0.0,1,1
.,com.sismics.util.jpa,QueryParam,7,0,11,11,86,11,0,0,0.0,2,3
.,com.sismics.util.jpa,EMF,3,0,9,6,91,12,0,0,0.6666666666666666,6,4
.,com.sismics.util.jpa,BaseDao,0,0,5,4,45,6,0,0,-1.0,0,5
.,com.sismics.util.jpa,ResultMapper,0,0,14,2,76,19,0,0,-1.0,1,0
.,com.sismics.util.jpa,DbOpenHelper,7,0,9,7,164,23,0,0,0.0,0,4
.,com.sismics.util.jpa,SuppliedConnectionProviderConnectionHelper,3,0,4,4,37,7,0,0,0.0,0,0
.,com.sismics.util.jpa,SessionUtil,0,0,2,1,19,2,0,0,-1.0,0,1
.,com.sismics.util.jpa,DialectUtil,0,0,6,6,85,12,0,0,-1.0,4,2
.,com.sismics.util.jpa.filter,FilterColumn,2,0,7,7,32,7,0,0,0.42857142857142855,0,0
.,com.sismics.util.jpa.filter,FilterCriteria,1,0,2,2,20,2,0,0,0.0,9,0
.,com.sismics.reader.core.constant,Constants,14,14,0,0,62,0,0,0,-1.0,7,0
.,com.sismics.reader.core.util,UserUtil,0,0,1,1,14,1,0,0,-1.0,0,1
.,com.sismics.reader.core.util,TransactionUtil,1,0,2,2,70,7,0,0,1.0,8,2
.,com.sismics.reader.core.util,LuceneUtil,1,0,2,1,63,3,0,0,1.0,1,2
.,com.sismics.reader.core.util,LuceneRunnable,0,0,1,0,11,1,0,0,-1.0,1,0
.,com.sismics.reader.core.util,StreamUtil,0,0,1,1,23,2,0,0,-1.0,1,0
.,com.sismics.reader.core.util,ConfigUtil,0,0,4,4,47,5,0,0,-1.0,3,3
.,com.sismics.reader.core.util,EntityManagerUtil,0,0,1,1,12,1,0,0,-1.0,3,1
.,com.sismics.reader.core.util,DirectoryUtil,0,0,6,5,76,14,0,0,-1.0,6,2
.,com.sismics.reader.core.util.http,ReaderHttpClient,3,0,4,3,71,7,0,0,0.0,1,0
.,com.sismics.reader.core.util.sanitizer,TextSanitizer,2,0,1,1,17,1,0,0,0.0,2,0
.,com.sismics.reader.core.util.sanitizer,ArticleSanitizer,2,0,4,4,94,22,0,0,0.75,2,1
.,com.sismics.reader.core.util.jpa,PaginatedList,4,0,7,7,73,7,0,0,0.42857142857142855,13,0
.,com.sismics.reader.core.util.jpa,PaginatedLists,2,0,11,4,167,29,0,0,0.2727272727272727,10,5
.,com.sismics.reader.core.util.jpa,SortCriteria,3,0,5,5,41,7,0,0,0.4,10,0
.,com.sismics.reader.core.dao.lucene,ReaderStandardAnalyzer,3,2,8,5,73,9,0,0,0.625,0,0
.,com.sismics.reader.core.dao.lucene,ArticleDao,0,0,7,6,140,19,0,0,-1.0,3,4
.,com.sismics.reader.core.dao.jpa.criteria,JobEventCriteria,1,0,2,2,25,2,0,0,0.0,2,0
.,com.sismics.reader.core.dao.jpa.criteria,UserCriteria,0,0,0,0,6,0,0,0,-1.0,1,0
.,com.sismics.reader.core.dao.jpa.criteria,UserArticleCriteria,16,0,32,32,302,32,0,0,0.5,8,0
.,com.sismics.reader.core.dao.jpa.criteria,JobCriteria,1,0,2,2,25,2,0,0,0.0,2,0
.,com.sismics.reader.core.dao.jpa.criteria,ArticleCriteria,6,0,12,12,120,12,0,0,0.5,3,0
.,com.sismics.reader.core.dao.jpa.criteria,FeedSubscriptionCriteria,6,0,12,12,120,12,0,0,0.5,4,0
.,com.sismics.reader.core.dao.jpa.criteria,FeedCriteria,2,0,4,4,44,4,0,0,0.5,2,0
.,com.sismics.reader.core.dao.jpa.mapper,UserMapper,0,0,1,1,15,1,0,0,-1.0,0,1
.,com.sismics.reader.core.dao.jpa.mapper,FeedMapper,0,0,1,1,12,1,0,0,-1.0,0,1
.,com.sismics.reader.core.dao.jpa.mapper,ArticleMapper,0,0,1,1,24,1,0,0,-1.0,0,1
.,com.sismics.reader.core.dao.jpa.mapper,JobMapper,0,0,1,1,25,4,0,0,-1.0,0,1
.,com.sismics.reader.core.dao.jpa.mapper,FeedSubscriptionMapper,0,0,1,1,28,1,0,0,-1.0,0,1
.,com.sismics.reader.core.dao.jpa.mapper,UserArticleMapper,0,0,1,1,34,3,0,0,-1.0,0,1
.,com.sismics.reader.core.dao.jpa.mapper,JobEventMapper,0,0,1,1,13,1,0,0,-1.0,0,1
.,com.sismics.reader.core.dao.jpa.dto,JobEventDto,3,0,6,6,60,6,0,0,0.5,1,0
.,com.sismics.reader.core.dao.jpa.dto,UserDto,5,0,10,10,96,10,0,0,0.5,1,0
.,com.sismics.reader.core.dao.jpa.dto,UserArticleDto,18,0,36,36,330,36,0,0,0.5,7,0
.,com.sismics.reader.core.dao.jpa.dto,JobDto,6,0,12,12,114,12,0,0,0.5,1,0
.,com.sismics.reader.core.dao.jpa.dto,FeedSubscriptionDto,15,0,30,30,252,30,0,0,0.5,3,0
.,com.sismics.reader.core.dao.jpa.dto,ArticleDto,14,0,28,28,250,28,0,0,0.5,3,0
.,com.sismics.reader.core.dao.jpa.dto,FeedDto,2,0,4,4,42,4,0,0,0.5,1,0
.,com.sismics.reader.core.event,ArticleUpdatedAsyncEvent,1,0,3,3,27,3,0,0,0.0,2,0
.,com.sismics.reader.core.event,PasswordChangedEvent,1,0,2,2,24,2,0,0,0.0,1,1
.,com.sismics.reader.core.event,ArticleCreatedAsyncEvent,1,0,3,3,27,3,0,0,0.0,3,0
.,com.sismics.reader.core.event,UserCreatedEvent,1,0,3,3,27,3,0,0,0.0,1,1
.,com.sismics.reader.core.event,ArticleDeletedAsyncEvent,1,0,3,3,27,3,0,0,0.0,2,0
.,com.sismics.reader.core.event,FaviconUpdateRequestedEvent,1,0,3,3,27,3,0,0,0.0,2,1
.,com.sismics.reader.core.event,SubscriptionImportedEvent,2,0,5,5,45,5,0,0,0.0,2,1
.,com.sismics.reader.core.event,RebuildIndexAsyncEvent,0,0,1,1,9,1,0,0,-1.0,2,0
.,com.sismics.reader.core.service,IndexingService,4,0,9,5,155,21,0,0,0.5555555555555556,2,12
.,com.sismics.reader.core.service,FeedService,1,0,16,5,350,56,0,0,0.4375,3,20
.,com.sismics.reader.core.model.context,AppContext,8,0,11,8,154,15,0,0,0.18181818181818182,12,6
.,com.sismics.reader.core.model.jpa,Feed,10,0,23,23,194,23,0,0,0.43478260869565216,10,0
.,com.sismics.reader.core.model.jpa,BaseFunction,1,0,3,3,27,3,0,0,0.0,1,0
.,com.sismics.reader.core.model.jpa,Role,4,0,9,9,81,9,0,0,0.3333333333333333,0,0
.,com.sismics.reader.core.model.jpa,UserArticle,7,0,15,15,135,15,0,0,0.3333333333333333,4,0
.,com.sismics.reader.core.model.jpa,RoleBaseFunction,5,0,11,11,99,11,0,0,0.2727272727272727,0,0
.,com.sismics.reader.core.model.jpa,User,15,0,31,31,279,31,0,0,0.45161290322580644,8,0
.,com.sismics.reader.core.model.jpa,AuthenticationToken,5,0,11,11,99,11,0,0,0.36363636363636365,3,0
.,com.sismics.reader.core.model.jpa,FeedSubscription,9,0,19,19,171,19,0,0,0.3157894736842105,1,0
.,com.sismics.reader.core.model.jpa,JobEvent,6,0,15,15,133,15,0,0,0.26666666666666666,1,0
.,com.sismics.reader.core.model.jpa,Category,8,0,17,17,153,17,0,0,0.4117647058823529,3,0
.,com.sismics.reader.core.model.jpa,FeedSynchronization,6,0,13,13,69,13,0,0,0.3076923076923077,1,0
.,com.sismics.reader.core.model.jpa,Article,16,0,35,35,302,35,0,0,0.45714285714285713,11,0
.,com.sismics.reader.core.model.jpa,Job,7,0,17,17,149,17,0,0,0.35294117647058826,2,0
.,com.sismics.reader.core.model.jpa,Locale,1,0,3,3,27,3,0,0,0.0,3,0
.,com.sismics.reader.core.model.jpa,Config,2,0,5,5,45,5,0,0,0.4,3,0
.,com.sismics.reader.core.listener.async,FaviconUpdateRequestedAsyncListener,1,0,1,1,32,4,0,0,0.0,0,4
.,com.sismics.reader.core.listener.async,ArticleUpdatedAsyncListener,1,0,1,1,26,3,0,0,0.0,0,2
.,com.sismics.reader.core.listener.async,ArticleDeletedAsyncListener,1,0,1,1,26,3,0,0,0.0,0,2
.,com.sismics.reader.core.listener.async,SubscriptionImportAsyncListener,3,0,6,1,391,42,0,0,0.0,0,18
.,com.sismics.reader.core.listener.async,RebuildIndexAsyncListener,1,0,1,1,26,2,0,0,0.0,0,2
.,com.sismics.reader.core.listener.async,ArticleCreatedAsyncListener,1,0,1,1,27,3,0,0,0.0,0,2
.,com.sismics.reader.core.listener.sync,DeadEventListener,1,0,1,1,17,1,0,0,0.0,0,0
.,com.sismics.reader.rest.filter,CookieAuthenticationFilter,1,0,2,2,23,4,0,0,0.0,0,1
.,com.sismics.reader.rest.descriptor,JerseyTestWebAppDescriptorFactory,1,0,1,1,17,1,0,0,0.0,1,3
.,com.sismics.reader.rest.util,TestValidationUtil,0,0,1,1,23,1,0,0,-1.0,0,1
.,com.sismics.reader.rest.util,ValidationUtil,0,0,2,2,55,8,0,0,-1.0,2,3
.,com.sismics.reader.rest,BaseJerseyTest,4,0,34,16,260,44,11,0,0.17647058823529413,0,4
.,com.sismics.reader.rest,TestJobResource,0,0,1,1,52,1,0,1,-1.0,0,0
.,com.sismics.reader.rest,TestSearchResource,0,0,2,1,83,3,0,1,-1.0,0,0
.,com.sismics.reader.rest,TestAppResource,0,0,3,3,58,4,0,1,-1.0,0,0
.,com.sismics.reader.rest,TestLocaleResource,0,0,1,1,16,1,0,1,-1.0,0,0
.,com.sismics.reader.rest,TestThemeResource,0,0,1,1,16,1,0,1,-1.0,0,0
.,com.sismics.reader.rest,TestSecurity,0,0,2,2,43,2,0,1,-1.0,0,1
.,com.sismics.reader.rest,TestSubscriptionResource,0,0,8,8,411,8,0,1,-1.0,0,1
.,com.sismics.reader.rest,TestCategoryResource,0,0,1,1,150,1,0,1,-1.0,0,0
.,com.sismics.reader.rest,TestAllResource,0,0,2,2,114,2,0,1,-1.0,0,0
.,com.sismics.reader.rest,TestUserResource,0,0,3,3,140,3,0,1,-1.0,0,0
.,com.sismics.reader.rest,TestStarredResource,0,0,1,1,70,1,0,1,-1.0,0,0
.,com.sismics.util.filter,TokenBasedSecurityFilter,3,3,4,0,70,12,0,1,0.0,5,3
.,com.sismics.util.filter,SecurityFilter,2,2,8,3,74,10,2,0,0.375,2,7
.,com.sismics.util.filter,RequestContextFilter,1,0,4,3,108,12,0,0,0.5,1,6
.,com.sismics.util.filter,HeaderBasedSecurityFilter,2,1,2,1,16,3,0,1,0.0,2,0
.,com.sismics.security,IPrincipal,0,0,5,4,31,5,2,0,-1.0,1,0
.,com.sismics.security,AnonymousPrincipal,3,1,9,9,52,9,0,1,0.7777777777777778,1,0
.,com.sismics.security,UserPrincipal,6,0,14,14,106,14,0,1,0.42857142857142855,1,0
.,com.sismics.rest.util,JsonUtil,0,0,1,1,32,4,0,0,-1.0,1,0
.,com.sismics.rest.util,ValidationUtil,3,0,8,8,120,18,0,0,0.75,5,1
.,com.sismics.rest.exception,ClientException,2,0,2,2,32,2,0,0,1.0,0,0
.,com.sismics.rest.exception,ForbiddenClientException,1,0,1,1,16,1,0,0,0.0,0,0
.,com.sismics.rest.exception,ServerException,2,0,2,2,32,2,0,0,1.0,0,0
.,com.sismics.rest.resource,GenericExceptionMapper,1,0,1,1,25,2,0,0,0.0,0,0
.,com.sismics.reader.agent.deployer,ReaderDeployer,6,0,12,12,157,17,0,0,0.0,1,3
.,com.sismics.reader.agent.deployer,DeploymentStatus,5,0,6,6,77,6,0,0,0.0,5,0
.,com.sismics.reader.agent.deployer,DeploymentStatusListener,0,0,1,0,11,1,0,0,-1.0,1,1
.,com.sismics.reader.agent,ReaderAgent,6,0,15,11,163,24,0,0,0.0,6,8
.,com.sismics.reader.agent.ui,StatusPanel,10,0,6,5,105,10,0,0,0.0,1,3
.,com.sismics.reader.agent.ui,AgentFrame,7,0,8,6,98,9,0,0,0.25,1,5
.,com.sismics.reader.agent.ui,SettingPanel,12,0,12,6,184,17,0,0,0.0,1,3
.,com.sismics.reader.agent.ui,TrayController,7,0,10,7,83,11,0,0,0.0,1,3
.,com.sismics.reader.agent.model,Setting,15,5,21,21,279,24,0,0,0.0,3,2
.,com.sismics.parallaxscroll,ParallaxedView,4,1,9,5,54,16,1,0,0.0,1,0
.,com.sismics.parallaxscroll,ParallaxScrollView,9,0,9,4,68,13,0,0,0.4444444444444444,0,1
.,com.sismics.parallaxscroll,ScrollViewParallaxedItem,0,0,2,1,9,2,0,1,-1.0,0,0
.,com.sismics.reader.provider,RecentSuggestionsProvider,2,2,1,1,11,1,0,0,0.0,2,0
.,com.sismics.reader.constant,Constants,2,2,0,0,14,0,0,0,-1.0,2,0
.,com.sismics.reader.activity,CategoriesActivity,1,0,19,16,170,40,0,0,0.2631578947368421,1,4
.,com.sismics.reader.activity,ArticleActivity,11,0,25,21,274,59,0,0,0.44,1,8
.,com.sismics.reader.activity,SettingsActivity,0,0,2,1,20,3,0,0,-1.0,0,0
.,com.sismics.reader.activity,LicenseActivity,1,0,2,1,25,3,0,0,1.0,0,0
.,com.sismics.reader.activity,MainActivity,11,0,29,20,321,67,0,0,0.2413793103448276,1,13
.,com.sismics.reader.activity,LoginActivity,2,0,10,9,119,18,0,0,0.4,1,6
.,com.sismics.reader.util,PreferenceUtil,7,7,9,9,133,15,0,0,0.5555555555555556,11,1
.,com.sismics.reader.util,ApplicationUtil,0,0,2,2,34,2,0,0,-1.0,2,0
.,com.sismics.reader.ui.widget,ArticleScrollView,3,0,8,7,61,12,0,0,0.875,0,1
.,com.sismics.reader.ui.widget,OnScrollChangedListener,0,0,3,3,17,3,0,0,-1.0,1,0
.,com.sismics.reader.ui.widget,ArticlesSwipeRefreshLayout,0,0,3,3,16,3,0,0,-1.0,0,0
.,com.sismics.reader.ui.form.validator,ValidatorType,0,0,2,2,18,2,4,0,-1.0,1,0
.,com.sismics.reader.ui.form.validator,Required,0,0,2,2,12,2,0,1,-1.0,0,0
.,com.sismics.reader.ui.form.validator,Length,3,0,3,3,37,4,0,1,0.0,0,0
.,com.sismics.reader.ui.form.validator,Alphanumeric,1,0,2,2,13,2,0,1,1.0,0,0
.,com.sismics.reader.ui.form.validator,Email,1,0,2,2,16,2,0,1,1.0,0,0
.,com.sismics.reader.ui.form,Validable,2,0,4,4,32,4,0,0,0.5,1,0
.,com.sismics.reader.ui.form,Validator,3,0,8,8,87,20,0,0,0.375,1,3
.,com.sismics.reader.ui.adapter,ArticlesAdapter,7,0,5,5,85,8,0,0,0.6,2,3
.,com.sismics.reader.ui.adapter,ViewHolder,4,0,0,0,10,0,0,0,-1.0,1,0
.,com.sismics.reader.ui.adapter,CategoryAdapter,10,0,29,29,242,45,0,0,0.13793103448275862,1,2
.,com.sismics.reader.ui.adapter,Category,2,0,4,4,19,4,0,0,0.5,1,0
.,com.sismics.reader.ui.adapter,State,4,0,6,6,31,6,0,0,0.0,1,0
.,com.sismics.reader.ui.adapter,ArticlesPagerAdapter,0,0,4,4,23,4,0,0,-1.0,1,2
.,com.sismics.reader.ui.adapter,SharedArticlesAdapterHelper,9,0,11,11,184,33,0,0,0.18181818181818182,6,5
.,com.sismics.reader.ui.adapter,SubscriptionAdapter,4,0,9,9,174,25,0,0,0.3333333333333333,1,2
.,com.sismics.reader.ui.adapter,SubscriptionItem,10,3,14,14,123,14,0,0,0.5,2,0
.,com.sismics.reader.model.application,ApplicationContext,2,0,8,7,71,13,0,0,0.5,4,4
.,com.sismics.reader.fragment,NavigationFragment,0,0,0,0,6,0,2,0,-1.0,0,0
.,com.sismics.reader.fragment,SettingsFragment,0,0,5,5,41,6,0,0,-1.0,0,3
.,com.sismics.reader.fragment,ArticlesDefaultFragment,1,0,2,2,25,2,0,1,0.0,1,0
.,com.sismics.reader.fragment,ArticlesFragment,3,0,22,21,223,55,0,1,0.7272727272727273,0,7
.,com.sismics.reader.fragment,ArticleFragment,3,0,10,9,164,19,0,0,0.3,2,2
.,com.sismics.reader.fragment,AddSubscriptionDialogFragment,1,0,9,9,70,14,0,0,0.6666666666666666,1,2
.,com.sismics.reader.fragment,AddSubscriptionDialogListener,0,0,1,1,6,1,0,0,-1.0,1,0
.,com.sismics.reader.listener,CallbackListener,0,0,1,1,7,1,0,0,-1.0,2,0
.,com.sismics.reader.listener,ArticlesHelperListener,0,0,4,4,22,4,0,0,-1.0,4,0
.,com.sismics.reader.resource,CategoryResource,0,0,5,5,64,7,0,1,-1.0,1,0
.,com.sismics.reader.resource,SubscriptionResource,0,0,5,5,70,6,0,1,-1.0,4,0
.,com.sismics.reader.resource,ArticleResource,0,0,3,3,41,3,0,1,-1.0,2,0
.,com.sismics.reader.resource,StarredResource,0,0,3,3,46,4,0,1,-1.0,2,0
.,com.sismics.reader.resource,UserResource,0,0,3,3,41,3,0,1,-1.0,3,0
.,com.sismics.reader.resource,BaseResource,4,0,8,6,87,11,5,0,0.75,0,3
.,com.sismics.reader.resource,MySSLSocketFactory,1,0,6,6,27,6,0,0,0.6666666666666666,1,0
.,com.sismics.android.util,DialogUtil,0,0,2,2,24,3,0,0,-1.0,1,0
.,com.sismics.android,Log,0,0,4,4,47,8,0,0,-1.0,3,0
.,com.sismics.reader.rest.assembler,ArticleAssembler,0,0,1,1,36,2,0,0,-1.0,5,1
.,com.sismics.reader.rest.dao,ThemeDao,2,1,1,1,41,8,0,0,0.0,2,0
.,com.sismics.reader.rest.resource,CategoryResource,0,0,6,6,191,22,0,1,-1.0,0,10
.,com.sismics.reader.rest.resource,SubscriptionResource,0,0,10,10,414,47,0,1,-1.0,0,15
.,com.sismics.reader.rest.resource,TextPlainMessageBodyWriter,0,0,3,3,22,3,0,0,-1.0,0,0
.,com.sismics.reader.rest.resource,AppResource,0,0,4,4,93,10,0,1,-1.0,0,7
.,com.sismics.reader.rest.resource,ArticleResource,0,0,4,4,118,22,0,1,-1.0,0,4
.,com.sismics.reader.rest.resource,AllResource,0,0,2,2,57,8,0,1,-1.0,0,7
.,com.sismics.reader.rest.resource,StarredResource,0,0,5,5,128,21,0,1,-1.0,0,7
.,com.sismics.reader.rest.resource,UserResource,0,0,11,11,445,64,0,1,-1.0,0,18
.,com.sismics.reader.rest.resource,SearchResource,0,0,1,1,35,3,0,1,-1.0,0,5
.,com.sismics.reader.rest.resource,BaseResource,3,0,3,0,53,6,11,0,0.0,0,2
.,com.sismics.reader.rest.resource,LocaleResource,0,0,1,1,23,2,0,1,-1.0,0,1
.,com.sismics.reader.rest.resource,ThemeResource,0,0,1,1,29,2,0,1,-1.0,0,2
.,com.sismics.reader.rest.resource,JobResource,0,0,1,1,28,4,0,1,-1.0,0,2
